微博id,微博正文,头条文章url,原始图片url,微博视频url,发布位置,发布时间,发布工具,点赞数,转发数,评论数
AbhId4P2R,请那些三十岁上下就开始在不幸福的问题婚姻里瞎凑合并指望老来做个伴的夫妻们听好了，我以过来人的经验告诉你们，你们对婚姻的这种态度，过不去中年危机就分崩离析了，别梦想谁会伺候谁! 你越想平安是福，平淡是真，中年危机时的荷尔蒙越会以暴风骤雨掀翻你的家庭，颠覆你的婚姻!  ,,无,无,无,2013-09-26 21:44,微博 weibo.com,17,28,56
AbgXqeUdj,网友问: 其实很多女人怕的倒不是现在，而是老了、病了无人作伴... 答: 一个丈夫如果在你还没老没病的时候都没耐心守着你，你还指望等你老了病了好好照顾你? 只会发生，他老了病了玩不动了你来照顾他，不会发生你老了病了他回家照顾你，这点，不必有悬念，不要抱希望，信平安保险都比信出轨丈夫强。  ,,无,无,无,2013-09-26 19:49,微博 weibo.com,20,67,25
AbgN8y9lG,我悟出来的情感婚恋道道儿，都是在我第一次婚姻触礁后闲得无聊读书琢磨出来并亲体力行的，我不会去唱我做不到的高调，也不会去劝别人做我做不到的事情。而且，即使我能做到，也不认为别人能够或者应该做到，但我还是愿意说出来，或许能给别人些许勇气，不再抱怨度日。  ,,无,无,无,2013-09-26 19:24,微博 weibo.com,47,5,27
AbgbWgki3,网友问: 单身母亲大都忙于工作和孩子，哪有时间和金钱去发展爱好？答:这世界上有太多爱好是花不了几个钱的，关键是要有热爱生活和生命的激情，假如啥爱好都不能引起你心动，呵呵，那这样一个索然无味的女人，如何给孩子一个健康人生? 为孩子好，趁早把孩子还给TA爸吧，至少TA爸还会为女人心动呢?  ,,无,无,无,2013-09-26 17:52,微博 weibo.com,15,10,7
AbfYpl6FT,很多网友碰到丈夫出轨私下问我如何挽救，我的回答都是，渡人先渡己，你已经是自身难保的泥菩萨了，别自不量力往情海里跳，结局一定是跟他们一起陷在爱恨情仇里被灭顶。听我一句话，把爱情先放一边，去找个新爱好来玩玩，也许能玩出新花样，也许能玩出新爱情，总之，你先找到一个新自己，再发落旧丈夫。  ,,无,无,无,2013-09-26 17:19,微博 weibo.com,29,83,19
AbfJI2ZzM,网友问: 毛毛，对国内那些有普通工作，没赚钱本事又带孩子的婚姻不幸的中年妇女，有啥建议呢？答: 不管有没有赚钱本事，这世界上有两样东西，只要拥有其中一样，女人就容光焕发激情澎湃---1，好的爱情; 2，好的爱好! 既然婚姻不幸，没有好的爱情，又无力改变局面，那就纵情投身到好的爱好当中去吧。  ,,无,无,无,2013-09-26 16:42,微博 weibo.com,15,14,9
AbaLM1uJN,不明白为什么那么多女人怕离婚，我更怕的却是，被人看作了无生趣或落寞隐忍的大奶，那感觉，就像，就像，被人看作马列主义老太太，干巴巴硬生生，说起来令人敬仰，实际上无人待见! 所以心急火燎要脱贫，就像脱掉女干部服，套上女特务装一样，我实在不是一个演大奶的料，自己都觉得串戏跑调得厉害  ,,无,无,无,2013-09-26 04:04,微博 weibo.com,13,43,31
Ab6FE61z1,网友问: 请问在德国生活你如何应付文化差异? 答: 我原来认识个女友，她胸大腰细，她的胸太大了，腰太细了，只能戴75D的胸罩，你知道75D这型号在中国有多难买吗? 我到德国后，给她发过信，说，这里简直是你的天堂，到处都是75D啊。我的思想就像她的75D，土匪遇上强盗，可算找到组织了。  ,,无,无,无,2013-09-25 17:38,微博 weibo.com,3,35,14
Ab64lwOZJ,网友问: 毛毛姐，结婚一定要在相互了解的基础上？有没有可能见过两三面就结婚？答: 当然有可能啊! 婚姻幸福与否与恋爱长短还真没必然关系，主要看二人磁场气场和道场是否相吸相合和相称，这个，还真有点碰运气的成分在里边。只要你拿得起放得下，玩得起闪结，受得了闪离，冒险走一遭，有什么大不了呢?  ,,无,无,无,2013-09-25 16:06,微博 weibo.com,13,15,11
Ab5Eq60N5,网友问: 三十出头，远离家乡，爱情没有家庭没有房子没有，感觉特孤苦无依，特崩溃，没勇气去死，但是不知道该怎么活。答: 希望你知道三十出头远离家乡什么都没有的女人不只你一个，你不是一个人在这种孤苦无依的崩溃中坚持，既然没勇气死，就必须好好活。请拼出最后一点力气，给自己一个微笑，每一天。  ,,无,无,无,2013-09-25 15:02,微博 weibo.com,22,7,11
Ab0D1eCNS,"昨夜奋战完，我非拉着老公去称体重，他不解，我一脸严肃一本正经说道""我觉得，你一定轻了半公斤，我一定重了半公斤。"" 他稍微一愣恍然大悟，忍不住哈哈大笑""你这个人...天哪，你也太能胡说了...""[睡觉]  ",,无,无,无,2013-09-25 02:15,微博 weibo.com,11,2,26
AaXmeAMgW,整个第一次婚姻，我把婚前攒的钱赔进去了，婚后开公司赚的钱被前夫养情人造进去了(这也怪我，自己是个马大哈，数学差，就知道干活，不知道算账，这也是我留在德国的一大原因，税务局替我管账，我懒得像盯贼一样盯住丈夫的财务!!) 最后剩到我手里的钱，连中介费都掏不起，只够自己办出国。  ,,无,无,无,2013-09-24 17:55,微博 weibo.com,8,3,27
AaXidvfpc,我前夫是天津本地人，父母都是天津医生，家有几处房产，我的意思是，不靠父母靠自己，主要原因也是我看不上那种破房子，眼光高啊。所以结婚时并未装修任何一处房产，本打算在石家庄赚钱回来再自己买房子，不承想中途生变...离婚时，我在天津身无片瓦，还把婚前的辛苦钱给砸进去了，就剩跳楼或卖身了。  ,,无,无,无,2013-09-24 17:45,微博 weibo.com,5,8,16
AaX8AllRT,网友问: 毛姐，我想你的经济条件肯定很好，你应该教大家怎么创造这个，你难道想激励一些失婚妇带着孩子睡大街吗？很多女人是单独养不起孩子的。答: 我农村考上二流大学，毕业后留在天津，无貌无房无家，整个一三无人员，我经济条件好个屁! 我敢离婚，不是经济条件好，只是不在乎睡大街而已。  ,,无,无,无,2013-09-24 17:22,微博 weibo.com,21,17,29
AaWWN0t0P,网友说: 男人会不会出轨，不在于妻子好不好，而在于这个男人本身有没有想出轨。答: 对头，女人好与不好跟男人出不出轨关系不大，但是，好女人一定会离开不好的男人扬长而去，因为，薰莸不同器! 这两样一旦同了器，必然气味相投，好女人也会沾一身怨臭气，令人掩鼻。  ,,无,无,无,2013-09-24 16:52,微博 weibo.com,18,40,17
AaWssthIu,自从我有了孩子，而且都是女儿，就更加明白了，爹地的形象有多重要! 对她们未来择偶心态及婚恋质量影响深重。我希望她们对异性及自己有正面积极和客观公正的评价，所幸亲生爹地作为她们生命中的第一个男人还是相当光明正面的，否则，若阴暗面太大，我一定会拨乱反正，为她们重新找个样板漂白的。  ,,无,无,无,2013-09-24 15:38,微博 weibo.com,28,34,27
AaRiQteRC,"""一别两宽，各生欢喜""的通俗说法就是""一拍两散，各自玩儿去""。不知为什么，我一直特喜欢""一拍两散""这成语，觉得特解气，特过瘾，堪比高潮。甚至，自从离过一次婚后，我都油然生出了一种优越感，偷偷瞧不起那些没离过婚的人了，觉得他们白活了,跟我压根儿不在一个档次上  ",,无,无,无,2013-09-24 02:30,微博 weibo.com,29,27,43
AaOZZorAA,网友说: 作为夫妻，当然有责任义务满足对方的一切需求，但人总有缺点，有办不到的事情，会让对方产生不满或遗憾，这时如果别人在我缺陷的一面做得很好，我感觉也很佩服，配偶对她产生爱意好像也很自然，但他也很爱我做得很好的那些方面，这种情况下该怎么处理?  ,,无,无,无,2013-09-23 20:38,微博 weibo.com,0,8,3
AaOcEbo9P,网友问: 请问毛毛姐发现丈夫出轨如何处理自己的情绪呢，总归会有失落和难过吧？在一起过毕竟有感情，其实很多人是面对不了一个人难过。答: 我的失落和难过可能比别人更大呢! 以至于我面对不了这种挫败感，一时想不开，干了件比跳楼更痛苦的自杀性事件---学德语。  ,,无,无,无,2013-09-23 18:37,微博 weibo.com,16,4,20
AaMNwimvQ,我尊重所有人的爱情，即使是我丈夫对其她女人的爱情，我也会鼎力成全，因为人生虽漫长，但真正的爱情没几次，遇到了，就好好去享受。我成全了别人，老天爷才会成全我，不然，我霸占着不属于我的心跳，诅咒着别人的爱情，老天爷就没法把那个只为我心跳的男人牵过来，自己的缘分活活被自己诅咒没了。  ,,无,无,无,2013-09-23 15:02,微博 weibo.com,100,399,131
AaMCpth7T,网友问: 很久没有喜欢的人了，性欲正常，只能偶尔自己来。很困扰为什么男人对我没兴趣，我也对具体哪个男人没兴趣，怎么办? 答: 这世界，让人感兴趣的男人本来就不多，一时之间对具体哪个男人没兴趣没什么，重要的是始终保持对自己的兴趣。先跟自己谈场恋爱吧，就像运动前的热身一样，活血舒脉下。  ,,无,无,无,2013-09-23 14:35,微博 weibo.com,14,5,5
AaMxtn6nE,网友问: 已婚有子，最近爱上一同事，很痛苦。不知为什么会爱上他，已多年没有过这种感觉，暗恋一个男生的那种感觉，知道不对...可无法控制，求骂醒。答: 你只是爱上了其他人，又没上了其他人，我才不会骂你。人生虽漫长，但真正的爱情没几次，遇到了，就好好去享受，哪怕是暗恋，也是一种美好。  ,,无,无,无,2013-09-23 14:23,微博 weibo.com,13,5,12
AaECaho1R,网友问: 毛毛姐，我有一個問題不太好意思問，我懷疑我的性需求比較大，未婚夫可能滿足不了我，而我又不想出軌破壞感情，怎麼辦呀？答: 不管精神还是肉体，一个不满足的女人，很难给予这个男人幸福，为了你的性福和他的幸福，请尊重你的需求和他的能力，痛下决心重新换人，否则只能自求多夫了。  ,,无,无,无,2013-09-22 18:12,微博 weibo.com,9,10,18
AaEwopCim,网友问: 如果爱上一个人，且灵肉都默契，可惜他已婚，于是选择退出。然而有一天，这个人告诉你他离婚了，我心里对他也还有感觉，请问我能和他在一起吗？答: 即使他没离婚，只要你和他乐意，你们都可以在一起，没人拦得住，何况他单身呢? 我想，你的不确定恐怕来源于他离婚后的不确切吧?  ,,无,无,无,2013-09-22 17:58,微博 weibo.com,7,2,35
AalXlfU3M,如果我的丈夫，追求其她女人，我宁可那个女人禁不住诱惑倒戈，也不愿让他碰壁灰溜溜返回。因为，从他起意动身去追逐婚外情那一刻起，已证明我的婚姻一败涂地，假如他再没追上人家，更证明我的眼光一败涂地，双重失败，我可经受不起，宁可他外遇顺利，我离婚成功，好歹我还没嫁过鸡贼猥琐咸猪手。  ,,无,无,无,2013-09-20 18:42,微博 weibo.com,40,57,77
AalNQDhup,可能我是唯一一个不指责小三也不惧怕小三的大奶，因为，我觉得吧，如果你都拦不住自己丈夫跳到别人床上去，怎么能眼巴巴指望别人替你拦住他呢? 谁的家庭谁做主，谁的婚姻谁负责，谁的床谁铺，谁的地谁种，田产包干，责任到人。你的苗，长到人家院子里去了，就别怪人家白吃白拿。  ,,无,无,无,2013-09-20 18:19,微博 weibo.com,19,30,20
AalBHrz0O,网友问: 前男友已婚，和他分手原因是异地恋，家人反对，近日他来看我二人没能禁住诱惑，但我没打算破坏他的婚姻，心里似乎也没什么愧疚感，想问下毛毛姐，我的道德感是否出了问题？答: 你没责任爱护他的婚姻，也没能力破坏他的婚姻，不过你有责任爱护你的未来，就要有能力建设新的爱情，祝好运。  ,,无,无,无,2013-09-20 17:49,微博 weibo.com,21,9,7
AakFpxPpg,"网友问: 和男友相處爭執日多，二人並不合適，但現懷孕几周。每每思慮萬千，明知如何才是所謂""明智""或""簡單""，但...? 答: ""明智""或""簡單""不是你想象的拿掉孩子拍屁股走人，而是，审时度势，不管拔刀而上还是立地成佛，都承担后果。敢生就敢养，敢做就敢当，无论怎么选择，都是明智和简单的。  ",,无,无,无,2013-09-20 15:25,微博 weibo.com,13,6,9
AakuOnfJp,彪悍的人生不需要谎言，更不屑于说谎。  ,,无,无,无,2013-09-20 14:59,微博 weibo.com,29,23,13
Aa3fpiKNC,网友问: 毛毛姐，怎么看待王菲和李亚鹏离婚事件？答: 他俩离婚，压根儿不是什么老夫老妻平淡厌倦，而是老夫老妻同床异梦。婚姻其实是件很简单的事儿，就是同路人一起搭个伴儿，越走越有劲。他俩这么多年，一个搞灵修，一个做生意，不是一路人，死活拧把到一块儿，越走越受罪，还是分道扬镳的好。  ,,无,无,无,2013-09-18 19:05,微博 weibo.com,32,16,30
Aa1Ks1Ejf,网友问: 最近比较烦恼，喜欢上有妇之夫怎么办？明知道是不可能的... 答: 我最近也比较烦恼，喜欢上有肌之腹怎么办? 明知道是不可能的... 后来我想，光烦恼有什么用呢，除了把心情搞糟? 要么认清现实歇菜，要么下定决心去搞。只是，搞人夫成王败寇，不像搞腹肌，虽败犹荣，不如你也来搞腹肌吧?  ,,无,无,无,2013-09-18 15:16,微博 weibo.com,18,11,18
A9VfilttZ,网友问: 按照你的理论妻子性欲强，丈夫就不会出轨吗？答: 妻子性欲强，不能保证丈夫不出轨，但，性欲强的女人行动力也强，一抬脚就踹飞了男人，一跺脚就自己起飞了，哪可能做窝囊大奶! 为什么德国包二奶现象罕见，正是因为，德国女人性欲比中国女人大呀!  ,,无,无,无,2013-09-17 22:42,微博 weibo.com,9,25,136
A9Uf7kZnV,网友坦诚写道: 我是一个说谎的男人，但我不希望说谎。按照你之前一个微博说的，我告诉妻子我不满足。但她觉得这是我的问题，与她无关，我要是去找别人，她就离婚。而到目前为止，她是我遇到的最好婚姻对象。我要寻找更好的，就要牺牲她，更好的也许并不存在，或者说我未必能遇到。只好说谎，骑驴找马。  ,,无,无,无,2013-09-17 20:09,微博 weibo.com,1,17,47
A9KPIsLSM,我认识一男士，人家就不欺骗妻子，跟妻子直接说，他对妻子身材不满意，对性爱不满意(妻子本人比较瘦小，且对性没多大兴趣)，但对妻子为人善良贤惠忠贞孝敬公婆等非常满意，如果妻子不愿离婚，他绝不离婚，但请妻子放他一马。结果他老婆就是同意他去找情人了，像好朋友那样，还为他出谋划策呢。  ,,无,无,无,2013-09-16 20:12,微博 weibo.com,12,46,45
A9KAm6nDG,网友问: 有的女人对性的观念就是每月2次，这如何改变呢？？答: 有的人一顿就吃二两饭，为什么强迫人家吃半斤呢? 不能因为你吃半斤就把半斤定为标准伙食，规定人家往进塞呀。我的建议，假如你们饭量相差不大，互相迁就一下各让一步，难度应该不大; 如果饭量相差太大，趁早散伙，省得你迟早去偷吃。  ,,无,无,无,2013-09-16 19:34,微博 weibo.com,3,43,14
A9IJwuHim,很多男人抱怨妻子性冷，前戏也到位，床上也卖力，这个死婆娘，怎么就像死猪一样冷冰冰呢? 这个，我给你们的建议是，女人奏像猪头肉，小火慢炖，最后开锅才香气四溢。平时对她就像对老妈子，既不称赞也不亵渎，冷言冷语公事公办，床下不添柴，还指望猪头肉里娇外嫩汁肥液美? 以为田螺姐姐，可以爆炒啊!  ,,无,无,无,2013-09-16 14:51,微博 weibo.com,43,69,41
A9Bh5d6B1,网友问: 有的男人说，心里爱的人是a，但喜欢b的身体，这是怎么回事呢？答: 这还不好理解，b的身体上有b，a的身体上没b啊，呵呵。遇到这种鬼话，你就直接跟他说，爱c谁去c谁，少跟老娘废话，没工夫k你。  ,,无,无,无,2013-09-15 19:52,微博 weibo.com,9,5,59
A9AHvDLHQ,"很多人无法自圆其说，只好东拉西扯，说得狗屁不通。我现在彻底看穿了，凡是不把人话往明白里讲的人，都是无法正视自己内心的人，跟这类人，我找到一个最佳应对办法，就是不反驳，直接告诉他们""求仁得仁，人追求什么，就得到什么，放宽心，你一定会得到你想要的人生，就像我得到我想要的人生一样。""  ",,无,无,无,2013-09-15 18:24,微博 weibo.com,30,33,31
A9ApAC91L,激情不是指追求新鲜刺激，而是恒动的生命热量。正像，一个有激情的钢琴家，不是指不停更换钢琴来寻求新鲜刺激的人，而是指，在同一座钢琴上弹奏名曲的大师。当一个人干着自己热爱的事或人时，是不会随着时间消逝而减少激情的。大多数人之所以不再弹钢琴，因为钢琴不是他真正的爱好，只是谋生的工具。  ,,无,无,无,2013-09-15 17:40,微博 weibo.com,32,100,62
A9rHVqJDX,任何人从婴幼儿时期起，大脑中就开始逐渐形成对异性形象的塑造和完成，这个异性形象受父母家人兄弟姐妹师长同学书籍等等影响，打上极具个性的烙印，在日后婚姻中，会自觉不自觉与现实生活中的伴侣作比较，当二者大体相符时，爱情才会日久弥新; 一旦二者相左太大，就会因失望落入平淡，厌倦及至厌恶。  ,,无,无,无,2013-09-14 19:30,微博 weibo.com,11,25,7
A9rrrlhyz,网友问: 毛毛认为男人出轨，是因为夫妻性活动不契合吗？答: 不分男女，任何人出轨，说白了都是性生活不和谐造成的，但这个性生活不和谐，只是一个表面现象，真正隐藏在它背后的其实是二人心理不契合! 夫妻双方或一方缺乏性欲，皆因双方或一方对异性的期待或理想落空，或愤然或淡然封闭了自己的身体。  ,,无,无,无,2013-09-14 18:50,微博 weibo.com,17,30,23
A9rkfampv,网友问: 王菲和李亚鹏离婚，毛姐还相信爱情吗? 答: 就算我自己离完婚，还照样睡得欢呢，何况是八竿子打不着的人离婚。正因为有人离婚，才让我确信无疑爱情和婚姻的意义。令我绝望的，恰恰是天天念叨平平淡淡才是真的苟且相! 那种粗制滥造的低质婚姻，就像山寨挤垮真货一样气势汹汹，泛滥成灾!  ,,无,无,无,2013-09-14 18:32,微博 weibo.com,47,44,28
A9qdIy0fX,常年无性网友问: 我对老公处在一个＂有爱意没性欲＂的状态中。性应该是自发的，如果为了这个正儿八经好好坐下来谈一谈，总觉得太刻意，反而会起到反作用。可我很怕自己因为吃不饱而抵抗不住外食的诱惑！  ,,无,无,无,2013-09-14 15:43,微博 weibo.com,1,12,4
A9q2e8c85,网友不明白为什么德国人性观念很开放，出轨率反而很低，我通过自己的婚姻案例解释下这是为什么吧: 正因为德国人终生性教育非常科学开放，从小就对性别差异了如指掌，随着年龄增长，对自身及异性需求毫不避讳，寻找伴侣时就不会藏三掖四隐瞒各自真正喜好，婚后契合几率高，因此无需婚外解渴。  ,,无,无,无,2013-09-14 15:15,微博 weibo.com,20,30,16
A9kxGC5OV,网友问: 毛毛姐相信男女之间可以存在一生一世的激情吗？那种见面就会脸红心跳的感觉？ 答: 脸红心跳是相爱男女上床前的一种正常反应，算不上什么激情，一辈子保持这水平，就像一辈子套着游泳圈下水一样，错过了遨游爱河，郎挺妾湿的激情，挺可惜，呵呵。  ,,无,无,无,2013-09-14 01:16,微博 weibo.com,3,2,5
A9gTIu0gR,"@勤奋的双鱼妞妞 写道: ""中国婆婆和男人定义好老婆标准等同于好保姆：烧得一手好饭，拖得一手好地，带得一手好娃; 在中国丈母娘和女人眼里好男人定义等同于机器人：人肉ATM机+不好色无性欲。男女都没进化好，婚姻还能搞得好?"" 所以，好保姆和机器人婚内平平淡淡，婚外轰轰烈烈，否则日子熬不下去呀。  ",,无,无,无,2013-09-13 15:59,微博 weibo.com,25,23,17
A9akyAhCb,"""根据对婚外情进行了跟踪调查的美国综合社会调查(General Social Survey)的数据，15%左右的已婚美国人承认他们有婚外情──这个比例在过去几十年里保持了相对稳定。""----一向嘲笑美国人性保守，自以为性豪放的德国人出轨率才12%，要是他们知道中国的出轨率，估计更笑不出来了  ",,无,无,无,2013-09-12 23:16,微博 weibo.com,6,9,73
A98Zyi96I,常有女网友来信诉说无性婚姻痛苦，有的数月，有的数年，最长竟达十几年，不是我没同情心，而是我好奇正常人性和血性都去了哪! 我第一次婚姻还算不上无性婚姻(每月也有那么一两次，聊胜于无)，都把我饿得前心贴后心，像饿狼一样到处踅摸，不知你们是如何修行的忍者神功，欢迎经验丰富的大师们赐讲  ,,无,无,无,2013-09-12 19:52,微博 weibo.com,6,9,51
A98ut61Vw,我老公最喜欢拍屁股，不管是足球赢了还是输了，吃饱了还是饿肚子，开心还是闹心....总之，他一见到我，就要伸手，久而久之我也形成了条件反射，一见他屁股就向后翘，天长日久下来，我感觉从背影看，屁股也跟黑人差不了多少了。不知这项健身运动，能否大力普及，改善东方女性体形。  ,,无,无,无,2013-09-12 18:35,微博 weibo.com,14,14,29
A98gvj3DL,网友问: 老公总出差，我一人辛苦在家看孩子，换来的却是他的背叛。被我发现蛛丝马迹，他却维护小三的家庭。我想离婚，可舍不得孩子，怎么办? 答: 俗话说，舍不得孩子套不着郎，我的意思是，婚姻和孩子不矛盾啊。反正他那么在乎小三的家庭，你不妨以此作砝码，把孩子和经济争取到手吧。  ,,无,无,无,2013-09-12 18:01,微博 weibo.com,8,7,15
A8ZVpjks3,看了那么多案例，发现长年无性的婚姻积重难返，很难再通过交流改善，除了离婚或外遇或干忍，没有其它出路。因此，年轻夫妇一定注意，避免陷入无性婚姻中难以自拔，若无疾病等原因，若一个月不碰对方，二人一定抽时间坐下来开诚布公交流，趁感情尚暖耐心尚存时，把问题解决掉，否则越拖越无望。  ,,无,无,无,2013-09-11 20:47,微博 weibo.com,7,40,44
A8XWwCR4Z,最悲催的是80后男人，他们年轻力壮时，年轻女孩被70后大叔控制了，哪怕做小三做填房，也不愿看他们一眼; 第二悲催的是70后女人，年轻时为了爱情跟着70后男孩吃苦，物质生活刚一达标，爱情生活又萎缩了。要不我建议这样吧，80后男孩不如就从了70后女人吧，反正花的都是70后男人的钱，呵呵。  ,,无,无,无,2013-09-11 15:44,微博 weibo.com,24,16,32
A8XSgbh7j,我觉得70后的男人最幸运，他们年轻时，女孩信奉实现自我共同奋斗的爱情观(至少我是这样的，虽然我性观念乱一些，但金钱观还是很单纯的，嘿嘿)，所以他们轻松享受到了当时年轻女孩的爱情和身体，等到这帮女孩人老珠黄时，当代女孩又追求物质享受身体开放了，正好落到70后男人手里。  ,,无,无,无,2013-09-11 15:33,微博 weibo.com,13,17,15
A8Ty9yobx,网友问: 年近五十，半生为丈夫放荡不羁呕心沥血，近年婚姻无性，丈夫婚外有人。最近结识一知己，才懂人间美妙真爱性福，可惜二人均有家室，怎么办？答: 做好保密工作，抓住家庭财产，继续享受生活，请记住，婚外情动心动身动情皆可，万不可动钱。让那些说女人五十就完蛋的混账们自以为是去吧，哼!  ,,无,无,无,2013-09-11 04:33,微博 weibo.com,26,18,104
A8OFieZ6X,女网友说: 男女相差十来岁的婚姻是很和谐的。答: 老夫少妻开始阶段可能会很和谐，因为女人的性感知及性觉醒晚于男性，很多二十多岁的女孩子都没有性高潮经历，性快感也不大，都属正常现象。老夫少妻真正难过的一道坎儿是女人三十五岁，尤其四十岁以后，能挺过去的少，反正我挺不过去，你挺把试试!  ,,无,无,无,2013-09-10 16:07,微博 weibo.com,9,4,121
A8NY7lAwl,网友问: 一事业和婚姻皆有成之男人追求我，说只保持关系既可，他四十多，我二十出头。我没谈过恋爱，不想第一段感情就做别人的小三。可同时又知道，这是一个非常好的进阶途径，能够增加阅历，通过他认识一个不一样的世界，请问我该怎么办呀?  ,,无,无,无,2013-09-10 14:20,微博 weibo.com,0,47,29
A8H5Rqg6d,"小女儿说""妈妈跑那么远，会不会越来越瘦，最后瘦没了?"" 把我们笑的，老公说""妈妈跑步是为了长肌肉，不是为了减肥，再说，你们俩那么甜，就是妈妈的甜食，有你们在，她也不会瘦没的。""  ",,无,无,无,2013-09-09 20:50,微博 weibo.com,12,3,7
A8GZFhVJx,昨天带孩子去森林，他们三人骑车，我跑步，整整折腾了十几公里，虽然中间两次休息吃喝，但小女儿还是第一次骑这么远，也算不简单。我们打算下次折腾二十公里，不知他们行不行，反正我是没问题。  ,,无,无,无,2013-09-09 20:35,微博 weibo.com,8,2,9
A8GfmhFFs,网友问: 可以问一下如何让男人喜欢自己吗？我不自信。答: 你只要先学会让自己喜欢自己就行了，因为，男人都喜欢那些自己喜欢自己的女人。  ,,无,无,无,2013-09-09 18:41,微博 weibo.com,31,25,21
A8EEEDoAx,"网友问: 相亲后男方说处处看，木有上床就不算对象关系，是潜在男女友关系，您觉得怎么看这个男人？答: 这男人是个情商极低还自我感觉良好的大傻帽! 我猜他对你有优越感，才敢如此说话，他的意思是""老子懒得追你，但不拦着你上我!"" 你不妨给他一个明确态度:""老娘懒得上你，但不拦着你追我!"" 看谁更牛。  ",,无,无,无,2013-09-09 14:38,微博 weibo.com,9,3,9
A8zovwW3p,横眉冷对千夫指，俯首甘为童子鸡。  ,,无,无,无,2013-09-09 01:14,微博 weibo.com,7,1,9
A8ygYCeFA,网友问: 性能力不强怎么办? 答: 找一个跟自己性能力和性喜好接近的呗。性这东西，又不是奥林匹克运动，更高更快更强才取胜。我觉得性更像交谊舞，只要水平般配，配合默契，俩人就能跳得行云流水，琴瑟和谐。在性上，没有强弱，只有合拍，找个人去操练吧!  ,,无,无,无,2013-09-08 22:23,微博 weibo.com,20,11,23
A8xwYvGSt,网友说: 如果我老婆也有和您一样的心态那我就太性福咯! 答: 孜孜不倦开发呀，俗话说，人勤地不懒! 医学角度讲，性冷淡几率低于同性恋几率，也就是说，你碰到拉拉的几率都大于性冷，关键在于耕耘，耕耘再耕耘，结出累累硕果，汁多味美，造福全家，波及社会。  ,,无,无,无,2013-09-08 20:30,微博 weibo.com,11,5,17
A8lHwE5bM,在性上，不管你选择的是婚前守贞，还是注重性和谐，都不重要，重要的是你要清楚为此付出的代价并平静接受。如果你选择婚前守贞，就不要在婚后追求性和谐，我的意思是，假如出现不和谐，不要哭爹喊妈; 如果你选择性和谐，就要接受别人认为你不和谐而在婚前淘汰掉你的风险，不要怨世风日下。  ,,无,无,无,2013-09-07 14:23,微博 weibo.com,9,18,14
A8lAq63eH,网友问: 从小受母亲坚守贞操的影响，很抗拒男生婚前性请求。请问，我是不是太固执？答: 任何人都有坚守自己原则的权利，并且只有固执坚守自己的原则，才能把不符合要求的人过滤掉，最终找到你的幸福!! 对于性爱，每个人都应旗帜鲜明，最忌讳的是东摇西摆，这种人会把自己搞混乱的同时也把他人搞错乱。  ,,无,无,无,2013-09-07 14:05,微博 weibo.com,8,7,17
A8f8T0ojC,网友问: 毛毛，请问你第一段婚姻因何成为更糟糕的人，第二段却截然不同。是因你自身变了，还是两人相处契合了? 答: 江山易改，本性难移。我不是一个甘于平淡过日子的女人，这种本性，第一次婚姻如此，第二次依旧，丝毫没变! 变的只是枕边人，他启发挖掘满足了我对男人的需求，一顺百顺了而已。  ,,无,无,无,2013-09-06 21:41,微博 weibo.com,9,6,11
A8eNj0w7E,网友问: 丈夫在外面偷吃，但还和妻子保持一定频率的性生活，说明外面只是玩玩的吗？答: 是的，他把你们都玩了，妻子是他的道具，小三是他的玩具，功能虽有别，贵贱也不同，但，都是他的掌上物罢了。假如他的性频率能满足妻子，说明妻子的饭量也不大，该着跟人分享一锅饭，胃口小就得拼桌吃，呵呵。  ,,无,无,无,2013-09-06 20:48,微博 weibo.com,9,8,17
A8dNf6uLG,网友问: 请问年轻夫妻，孩子5岁，三个月没性生活，各自天天都回家，什么状况? 答: 状况是各自正在酝酿期，至于是酝酿外遇，还是酝酿内战，这个，说不准，跟际遇有很大关系，比如说，丈夫公司碰巧新招来一个女学生，妻子公司碰巧新调来一个男上司...总之，婚姻进入了不靠福气，单靠运气维持的瓶颈期。  ,,无,无,无,2013-09-06 18:15,微博 weibo.com,14,5,15
A8cYjtAUy,我家两个孩子不约而同跟爸爸更亲密，或者说更喜欢爸爸一些，这个的原因呢是因为，从她们小时候起，妈妈的责任就是吃喝穿，爸爸的责任是玩玩玩。吃喝穿这些东西呢，对小孩子来讲没什么意思，所以只要不冷不饿，就去找爸爸! 爸爸跟她们耍活宝，玩游戏，讲故事，下象棋，踢足球，修玩具...爸爸多好玩。  ,,无,无,无,2013-09-06 16:09,微博 weibo.com,12,77,17
A8cLKxhAL,哈佛科学家跟踪调查结果显示，跟父亲关系更亲密的孩子的父母，离婚率远远低于跟母亲关系更亲密的孩子的父母，因为跟父亲亲密的孩子的父亲，会为了给孩子提供一个更稳定的家庭，把爱和精力充分投入给孩子的母亲。反之，跟母亲关系更亲密的孩子的父亲，因感到自身被排斥在母子关系外，而愤然远离这个家。  ,,无,无,无,2013-09-06 15:38,微博 weibo.com,15,54,16
A8cEjzTut,"昨天大女儿放学后做数学作业，做完后老公检查，以前孩子小，作业容易，大人简单算算就八九不离十，现在她的作业计算起来也很费神，老公嫌麻烦，起身去找计算器，我笑话他""你这把老骨头现在也不行了，都要借用工具啦?"" 他狠狠拍一下我屁股说""别看我大脑不行了，小脑还厉害着呢，不用工具就把你收拾了!""  ",,无,无,无,2013-09-06 15:20,微博 weibo.com,7,3,15
A85HBFyzn,"妻子出门上火车，发现火车上空调很足，打电话时难免跟丈夫发嗲抱怨，一个丈夫这样回答""人家那个谁...人家女人出门随手拎个披肩，你呀，什么都不懂，跟你说了也白说..."" 一个丈夫这样回答""你是不是又穿短裙了，你呀，就知道露个大白腿臭美，冷了吧? 回来我给你焐腿..."" 情商有高低，所以情伤有深浅。  ",,无,无,无,2013-09-05 21:39,微博 weibo.com,11,62,23
A85gGq0Ru,"网友问: 数月无性，每当我或委婉或直接提出要求时，丈夫都说，还有几十年呢，急什么，请问怎么办? 答: 下次到吃饭点时，你最好背着他提前偷吃好，擦干净觜，直等到他主动提出要吃饭时，你再不急不慌说""还有几十年呢，急什么?""  ",,无,无,无,2013-09-05 20:33,微博 weibo.com,15,4,45
A8511qNjl,网友问: 结婚一年，无孩，老公强烈主张丁克，将近五个月无性，正常不？答: 都五个月了，你居然没外遇，真是奇迹呀。要不要孩子最好婚前达成一致，不要婚后现商量。丁克不丁克并非重点，但无性，是无论如何不正常的，除非你认同，否则，再凑一个月，可以直接提离婚。  ,,无,无,无,2013-09-05 19:54,微博 weibo.com,6,3,42
A83e5AdB6,"网友问: 夫妻在生活上互相照顾，就会变成亲人，情人哪比得上? 答: 情人的照顾不是亲人胜似亲人，举例说明。饭桌上，亲人式的妻子会这样说""芦笋很健康，你多吃一点，外面的饭菜哪比得上我亲手为你做的健康。"" 情人式的妻子会这样说""听你们德国人说芦笋会壮阳，多吃一点哦，晚上好让我看看效果如何。""  ",,无,无,无,2013-09-05 15:21,微博 weibo.com,14,30,14
A7Xa77j0s,网友问: 有个已婚男强烈追求，明确说和老婆感情好，不会离婚，但对我动心，之前不知他已婚接受了他，知情后极力拒绝。我一边对他冷若冰霜，一边内心极度煎熬，求开解！答: 其实很多时候女孩子对已婚男动心，并不是真爱他，而是突然发觉此物有主，反而起了占有欲，这很正常，不必开解，直接拉黑即可。  ,,无,无,无,2013-09-04 23:54,微博 weibo.com,15,17,72
A7VJ9q8k7,有的人认为婚姻是利益平衡，有的人认为婚姻是灵肉平衡。两种观念没有对错，谁也不比谁的婚姻更牢靠，不管来自婚外的是更大利益诱惑，还是更强灵肉诱惑，只要大于婚内诱惑，都会灰飞烟灭! 不过有一点倒是确信无疑，那就是，无论你持哪种观念，最终都会找到同道中人，好合百年，绝不会跟异类，白头到老!  ,,无,无,无,2013-09-04 20:15,微博 weibo.com,18,17,29
A7Ukefx9z,性格决定命运，思维决定行为。我相信每个女人的命运跟她遇到的男人没多大关系，跟她本人性格有很大瓜葛。比如说我，确定前夫外遇当天，一怒之下就去买了几本托福，他搞外遇，我搞外语.....几年下来，哪怕我没遇到新人，也成外语达人了! 你的思维决定你的行为，你的行为决定你的未来，谁的命运谁做主。  ,,无,无,无,2013-09-04 16:41,微博 weibo.com,51,54,60
A7LGT7ejO,"关于钱钟书的围城，城里的想出去，城外的想进来，于是大家结论说原地不动，省得麻烦。我记得有次跟情人聊起围城，我就说过，人生本来就是在""进进出出""的运动中得到快乐的嘛，否则，外面的不进来，或者进来了就不出去，男人和女人还有什么乐趣，人生还有什么盼头!! 真想跟钱老神交辩论一下啊  ",,无,无,无,2013-09-03 18:42,微博 weibo.com,6,31,29
A7KzEcOyf,"第一次婚姻，我成为了一个更糟糕的人(脾气暴躁，怨气升天，悲观失望，出轨偷情)，但离婚后反而成为了一个更积极的人(埋头苦学，抬头向上，大刀阔斧，披荆斩棘); 第二次婚姻，我成为了一个更开放的人(热情似火，柔情似水，风情万种，才情四溢); 不知第三次婚姻会成为什么人? 潜力大无边, 好奇ing  ",,无,无,无,2013-09-03 15:52,微博 weibo.com,18,29,24
A7KsjqNqq,"我在很早以前的微博里就说过类似的话: ""婚姻的成功不在于你嫁(娶)了什么人，而在于你成为了什么人。"" 说得更透彻一点，不在于你嫁(娶)了你梦寐以求的那个人，而在于你成为了你梦寐以求的那种人。婚姻中，两个人都不舒展，是残次品，直接扔; 一个人不舒展，是半成品，可再加工。  ",,无,无,无,2013-09-03 15:34,微博 weibo.com,28,24,17
A7Kf2cuAM,网友问: 如何看待龙应台失败的跨国婚姻? 答: 跨国婚姻的离婚率很高，四分之一; 德国离婚率更高，三分之一，所以不足为奇。婚姻的意义对于我们这种女人不是走到头，而是成为什么人。龙应台的理性思维肯定跟我一样受了德国语言和丈夫的巨大影响，扩展了女性自我局限，拓宽了中国定势思维，OK，这就够了。  ,,无,无,无,2013-09-03 15:01,微博 weibo.com,21,11,18
A7JLggHLW,网友问: 毛毛姐，你说是先有了小三夫妻之间才有的问题，还是夫妻本来就有问题小三才乘虚而入？答: 应是，夫妻本来就有问题，其中一人或二人才引火上身的。其实小三只是替罪小绵羊，有人拿它来果腹，以为吃了它就解饱，结果越吃越饿; 有人拿它来献祭，以为宰了它就消灾，后果越宰越壮。  ,,无,无,无,2013-09-03 13:47,微博 weibo.com,11,8,11
A7Da1emvE,每一个女人都像一只青瓷碗，女人的美丽心事就像碗上的青瓷，你若看不到，它就只是一只碗，盛点汤汤水水，拿来装装台面，好时擦擦洗洗，赖时摔摔打打，那些美丽心事，就此剥落灰败，好像从未存在过。每一个女人都像一只青瓷碗，可惜，不是每一只碗都找到了懂青瓷的人，在品味摩挲中，放出动人的光彩。  ,,无,无,无,2013-09-02 20:59,微博 weibo.com,27,70,14
A7By9vtEZ,"突然看见月历上有几天每天上面都标了一个P，一问才得知，这四五天是我每月月经(Periode)缩写，啊? 我吃惊问""你记它干吗?"" 他说""我都提醒你多少次了，记录自己月经周期是女人保健任务，万一生病，月经不准，才能及时发觉，跟大夫准确汇报，你总是不听，可不就得麻烦我替你记录嘛!"" 生活作风真严谨啊。  ",,无,无,无,2013-09-02 16:53,微博 weibo.com,5,10,26
A7BbD1aV7,"跟老公边看边讨论，欧元区的经济问题啊，德国高速对国外汽车征税啊，儿童福利啊...突然发现我跟着人家瞎激动什么啊，最后恹恹嘀咕道""这是你们国家的事情，谁上台谁下台，跟我有什么关系啊，我去睡觉了。"" I have a dream...  ",,无,无,无,2013-09-02 15:58,微博 weibo.com,2,1,1
A7B7E0uIi,记得当年墨客尔和施罗德的二人辩论，施罗德明显不敌，墨客尔沉稳进攻，施罗德截截败退，最后竞选中墨客尔果然胜出。这次辩论，感觉Steinbrück略占上风，再说，我这人喜新厌旧严重，看了这么多年墨客尔的老脸，很想换换新面孔，所以还是支持Steinbrück上台的。  ,,无,无,无,2013-09-02 15:48,微博 weibo.com,2,1,8
A7rXclbf0,中文的黑木耳大家都是知道啥意思，德国人也有类似比喻，叫李子(Pflaume)。那天我跟老公两个比较中德文，他无论如何不理解黑木耳，我无论如何不理解李子，于是我泡开一盆黑木耳，他切开一个李子(去核后，据他说那种新鲜度和颜色会让人浮想联翩)，互相例证到底谁的比喻更精确，真是够无聊吧?  ,,无,无,无,2013-09-01 16:27,微博 weibo.com,8,5,36
A7k2Qly0t,在我亲眼见过的案例中，出轨被妻子发觉又返回家里的男人，潜意识中不会有太大愧疚。这就好比，正吃海鲜时，妻子非叫他回家吃糟糠一样，他即使因顾及名声或情分离开宴席，也会对自己产生一种放弃吃香喝辣回家吃糠咽菜的道德优越感和英雄悲壮情怀，这个时候，你还指望他从心底对你好? 做梦去吧!  ,,无,无,无,2013-08-31 20:19,微博 weibo.com,528,301,47
A7iSi4epY,"读到一句话""不要因为他人降低自己的水平: 不因为要迁就那些拒绝提高标准的人，就降低自己的标准。"" 我觉得这话同样适用于床上，女人，不要因为伴侣降低自己的水平! 尤其不迁就那些拒绝提高标准的男人，他若消极怠工，你就积极分手!! 这样做的最坏结果不过是把你还原成单身，绝不会让你变成怨妇!  ",,无,无,无,2013-08-31 17:21,微博 weibo.com,28,27,12
A78NVqsno,网友问: 二奶和小三有什么区别? 答: 二奶精明，小三太傻。二奶知道，婚外情有时间效力，不是终生营生，不如一手收钱一手睡人，睡好了可升职，睡腻了可升值，其实比很多大奶活得爽想得开干得好赚得足; 小三么，其实就是白睡，睡好了可进门儿，睡腻了出门左拐，请走人。  ,,无,无,无,2013-08-30 15:42,微博 weibo.com,11,48,11
A71Q7gH0N,对偷情不离婚的人做个更精确的比喻吧，对TA们来讲: 婚内配偶就像性道具，好比搭台唱戏灯光帷帐之类的，明明暗暗层层团团，制造出一种偷偷摸摸的障碍感; 婚外情人就像性玩具，好比带给人直接刺激的玩意儿。性道具因布景昂贵，不会随意更换，而性玩具则因小巧轻便，可随时扔换。  ,,无,无,无,2013-08-29 21:59,微博 weibo.com,11,10,22
A6UmYeMgv,网友问: 女，26，因性生活过少想离婚，却无法将这种理由说出口，求问，有何办法让阻挠我的父母明白我的痛苦？答: 反正你也是成年人了，只要自己理智决定的事情，就按部就班处理好了，不必非把父母揪进来受罪。像我，28岁那年，从头到尾处理前夫外遇办理离婚关闭公司，根本没告诉父母，全靠一人搞定。  ,,无,无,无,2013-08-29 02:58,微博 weibo.com,12,34,32
A6OXcdgdJ,网友问: 和男友一起N年，他出轨被发现，保证以后不会，但几天后就把女孩带到自己住处发生关系。我问他为啥，他说和我一起压力大，我脾气坏... 答: 没有无缘无故的坏脾气，也没有无缘无故的出轨，你的坏脾气和他的出轨证明你们彼此对某些方面不满，通过其它途径发泄或找补，造成恶性循环，走向不归路。  ,,无,无,无,2013-08-28 13:10,微博 weibo.com,7,10,1
A6IaT5UZR,东方男性在追求女性时比西方男性花钱大方，西方男性在离婚时比东方男性出血更多(法律原因，不是他良心发现)。我的感觉是，谈恋爱时，说实话，男性再大方，跟离婚赡养费比起来，也只是毛头小利而已，再说了，大家只是男女朋友，女方并未付出生育及声誉成本，平等些也不吃亏，但离婚时吃亏那才叫大亏呢!!  ,,无,无,无,2013-08-27 19:55,微博 weibo.com,16,30,13
A6HMNn6RZ,"网友问: 在德国,男女平等的意识和行为下, 男女约会时的时的账单怎么付的? 答: 这问题当初也很困惑我，不知该怎么办，后来才知道，同事朋友间确实只有约定请客时才会由一方掏钱，否则各掏各钱。但男女朋友间还是主要由男性买单，女人接受男人买单代表接受了这段感情，否则女方会主动分摊。  ",,无,无,无,2013-08-27 18:55,微博 weibo.com,10,7,11
A6HrWicvN,还记得看过关于日本家庭的电视纪录片，成功男人下班不回家，集体泡酒吧唱卡拉，跟小姐搂搂抱抱一番再回家。我老公也百思不得其解，他说，付钱买来的亲吻和搂抱有什么意思呀? 一想到一个女人强压厌恶，让你亲吻搂抱，抱着就没劲了，更别说操了。我最喜欢他跟我在一起满嘴脏话，满腔正点的德性了  ,,无,无,无,2013-08-27 18:04,微博 weibo.com,15,5,15
A6GNdAjv4,"昨天跟老公说""你要是敢背着我胡闹，我就打断你第三条腿。"" 他说了一句话，当时我就泪奔了，他说""我要是背着你胡闹，你不会打断我的第三条腿，只会打碎你唯一的心脏(因德语里打断，打碎都用同一个词brechen，所以听起来特别合辙押韵，令人心碎)。""  ",,无,无,无,2013-08-27 16:24,微博 weibo.com,4,40,6
A6GlqAkGs,在饭桌上，我最讨厌两类人: 1，一个劲念叨去年哪顿美味令人难以忘怀; 2，一个劲提醒大家吃完之后还要消化屙屎。人生本就是一场饭局，混好了把酒言欢，混惨了小菜就粥，但，不管是酒菜还是稀粥，人人都只能吃当下这顿饭，不可能喝到去年那顿酒，更不可能提前消化好，何苦扫尽当下兴，而不埋头吃好饭呢?  ,,无,无,无,2013-08-27 15:15,微博 weibo.com,15,11,12
A6Bim0NjV,网友问: 假如你老公嫖娼，你会接受吗? 答: 什么? 我老公? 他要敢嫖娼，我就敢打断他第三条腿! 妈的，嫖娼不带我，还反了他了。我跟老公提过议啊，找个德国妓女让我看看西方腐朽世界，开开洋荤，他愣是不敢啊，你别看他嘴上操啊干啊厉害，其实胆子比我小，可怕堕落成坏人呢。  ,,无,无,无,2013-08-27 02:24,微博 weibo.com,13,5,12
A6zB0rlTI,网友问: 请问你支持在中国嫖娼合法化吗? 答: 刚来德国时，听一个师兄说，嫖娼在德国这样的欧洲国家是合法的，吓我一跳，觉得那男人还不个个去嫖娼啊! 结果，其实，真相是，世界最低嫖娼率在欧洲，最高嫖娼率在亚洲，这是我百思不得其解的逻辑怪圈，只能说，什么都是越禁越来劲吧。  ,,无,无,无,2013-08-26 22:04,微博 weibo.com,13,47,23
A6y9CcGjL,我属于从小就不信邪的人，小时候在幼儿园，老师跟妈妈说，这丫头比小子淘，男孩子不敢爬的墙，我敢爬，胆子比谁都大。包饺子剁馅儿，大人尝咸淡，我也要尝，大人说，女孩子不能尝，尝了嫁不出去。别的女孩子不敢尝，我腾一下来了劲，挖一大勺送嘴里，心里话，嫁不出去就嫁不出去，我也要尝鲜!  ,,无,无,无,2013-08-26 18:24,微博 weibo.com,12,3,6
A6xSWiGMH,在性爱上，夫妻要想一生都同步非常困难，因为，女人一生的性能力呈现的是均匀向上的射线状(大约到50岁时有可能略微向下走)，而男人却是抛物线状(顶峰大约在35岁左右)，因此，有压力的应是男人，不是女人! 我不明白，为什么那么多中年女人唉声叹气自暴自弃，难道ED也能交叉传染吗?  ,,无,无,无,2013-08-26 17:43,微博 weibo.com,6,11,17
A6wDSc4mX,网友认为我强调美好性爱是人生第一位，在此纠正: 我从未认为美好性爱是人生第一位，它只是婚恋第一要素(因我文章大篇幅涉及婚恋，难免强调性爱)。我认为人生第一位是身心健康，其中心理健康甚至重于身体健康，因为人的思维若变形，不明白很多浅显的逻辑关系，会病态委屈自己压抑他人，还自以为很高尚。  ,,无,无,无,2013-08-26 14:33,微博 weibo.com,26,16,9
A65yGCgfr,"德语beraten是咨询，给谁谁建议，braten是煎炒烹炸的意思，这俩词吧，你舌头一大，就容易让人听错，那天我去健身房跟教练请教时，本想说""您建议我如何运动能长腹肌呢?"" 把他给笑的，说""我可不敢煎您，只敢煎牛排。""  ",,无,无,无,2013-08-23 17:36,微博 weibo.com,2,1,3
A65qOd5A8,"老公陪孩子踢足球，不小心就被撞到了胯下，晚上我假装心疼说""来，快让妈妈检查一下，奶嘴坏了没?"" 以前带孩子，看到好多小孩子一天到晚嘴里含着个奶嘴(Schnuller)，我很不屑说""这些孩子啊，将来长大了肯定都是Oralsüchtige(口上瘾者)。"" 从那之后，留下个双关语，奶嘴也是那啥。  ",,无,无,无,2013-08-23 17:17,微博 weibo.com,4,1,6
A65mcsjR1,"昨天陪孩子看大女儿出生前后的录像，这段录像已经尘封七八年没见天日了，过了这么多年往回一看，倍觉新鲜。天哪，那时的我那叫一个胖啊! 我跟老公说""我胖成那样，你居然还没抛弃我，真是不简单啊! 你说实话，那时你爱我吗?"" 他说""小傻子，你忘了，那时我不是照样把你操得吱哇乱叫?""  ",,无,无,无,2013-08-23 17:06,微博 weibo.com,5,9,26
A5XL6fqvG,我还知道一个案例，结婚近十年，俩孩子，丈夫在妻子面前规矩老实，在床上中规中矩，夫妻间互不KJ，不玩性玩具，不开黄玩笑。跑到外面玩翻了天，给情人KJ起来那叫有滋有味，跟吃海鲜似的，说脏话，玩性玩具，高级酒店开房。妻子在家受累受苦，熬得跟晾到岸上的小干鱼儿似的，你说这怨谁??  ,,无,无,无,2013-08-22 21:45,微博 weibo.com,5,36,19
A5WZy8sxd,很多男人，怕开发老婆性欲将来hold不住，所以呢，跟老婆的时候拼命鼓励老婆清心寡欲，但是呢，一个真正清心寡欲的老婆又满足不了他的性欲，怎么办? 就出门找情人平衡，跟情人的时候大力鼓励情人疯狂放荡，这就叫用人策略。  ,,无,无,无,2013-08-22 19:48,微博 weibo.com,9,13,11
A5W8Xn6ym,80后网友说: 非常看不起在外人面前很恩爱，背后各自找情人的夫妻。不知道他们每天带着面具生活累不累。答: 那是你没经历过我们70后的青春，经历过你就会把伪装当成正常，就像把面具当成墨镜一样，往脸上一套又酷又美! 我们70后，连青春期性欲都能伪装得无影无踪，还有什么苦和累，让我们受不了的?  ,,无,无,无,2013-08-22 17:38,微博 weibo.com,3,3,5
A5W52bSzU,网友说: 我见过很多这样的人，在家一片和谐，在外各自找，但大多数是60，70后，很少发生在我们80后身上，所以有点难以理解他们的做法。答: 因为我们70后在青春期时所受的教育就是人前一套，人后一套(那时的人一边大骂靡靡之音，一边偷听邓丽君上瘾)，这样的人，长大后认为所有快感都跟偷偷摸摸有关。  ,,无,无,无,2013-08-22 17:29,微博 weibo.com,3,23,13
A5VHPqtck,我厌倦了说谎，我真的彻底厌倦了说谎，就像厌倦了，裹着包装纸吃点心，所有美味都被嘴里的纸屑败坏掉，那种沮丧和失望，难以言表。我厌倦了说谎，哪怕饿死，也不想再裹着包装纸吃点心，我知道那层纸很华丽，看起来很美很赏心悦目，但我要吃的是点心，不是纸。请扒开你的灵魂，让我饕餮。  ,,无,无,无,2013-08-22 16:31,微博 weibo.com,24,20,9
A5VBTfCj9,在国内时，身边好多婚外情，多到数不胜数，有的妻子不知情，有的妻子知而不闹。前脚跟正房出厅入室，后脚带小三登堂入室，大家全都见怪不怪，互相隐瞒成风。当时的我真没觉得这有什么大不了，直到自己也被刷了一层绿漆，始惊觉，原来人人都在酱缸里既涮人又被涮，没一个干净人!  ,,无,无,无,2013-08-22 16:17,微博 weibo.com,14,8,8
A5Vtib9hy,在石家庄时，遇到过公然跟情人出双入对的官员，并未跟妻子隐瞒，但也从未让妻子跟情人共处，他老婆也是处级干部，俩人有个儿子，家庭算得上圆满，唯一多了个情人，但因不会离婚，且对家庭负责，除出差外从不夜不归宿，所以妻子也不追究，三人行了六七年，最后把情人送意大利了。  ,,无,无,无,2013-08-22 15:56,微博 weibo.com,4,4,20
A5MOUjLZ0,有一次在上海，跟朋友见识了一次现代版本的妻妾成群，此人不像其他男人偷偷摸摸乱搞，而是大大方方明搞，称得上表里如一。他请我们吃饭，大奶，N奶作陪(可能是四奶，据说二奶三奶有事儿，四奶目前最受宠)。但见大奶四十出头齐耳短发端庄素雅，备受各方尊重，唬得住丈夫，镇得住众奶，正房味儿够劲。  ,,无,无,无,2013-08-21 17:54,微博 weibo.com,13,36,36
A5LlgAxS3,"""而所有舆论导向都会冲她伸出大拇指，再向其她不安分的女人重复，真爱重如山，早晚守得云开日月出，他终究爱的还是你，最后爬也还是会爬回到你身边的。我靠! 去他大头鬼的假真爱，所有关于良家妇女的陈词滥调和谬论请在我这靠边站，如果没有良家夫男，没有平等和高潮，说出大天，我也不要!""  ",,无,无,无,2013-08-21 14:08,微博 weibo.com,19,6,4
A5LkIjNZb,"我十年前写的东西，经得起流年，放到现在都不过时: ""我向来觉得那些相信老公只是外面逢场作戏守住正房位置不放的女人说白了都是被人灌了迷魂汤还自觉自愿守住活寡以此为乐甘心牺牲快感的免费收尸工，她们所有的收获就是混个金婚，到时伺候精元耗尽回归家庭的糟老头子，如果比他死得晚刚好为他备棺收尸""  ",,无,无,无,2013-08-21 14:07,微博 weibo.com,25,11,8
A5CTPhTZI,"很多男网友说，夫妻间除了性爱，还有更高尚的东西存在，所以性爱不和谐了，可以找情人弥补，没必要离婚，因为维持婚姻的是更高尚的东西，不是低级的性爱。这话，我听着别扭，又没法反驳，一并找老公解决难题，结果他反问""还有什么东西比Wahrheit更高尚的吗(事实,真话,真相,真理,德语就这一个词)?""  ",,无,无,无,2013-08-20 16:39,微博 weibo.com,10,38,20
A5Cou8o9G,"多次碰到男网友义愤填膺指责我，质问我，女性若注重性爱，男人ED了咋办? 我拿这问题问老公，结果人家从容不迫道""ED就像牙疼，你牙疼吃不下饭，不去治疗，还强迫老婆也别吃饭，这种男人，大脑都ED了，女人要他干吗?"" 最后我老公语重心长补充道""现代医学这么发达，牙掉了安假牙，用不着禁食饿死你老婆。""  ",,无,无,无,2013-08-20 15:22,微博 weibo.com,18,37,39
A5CaAuJPm,"昨跟好友小聚，她女儿20岁，12月份结婚，女婿也不过才二十二三岁的样子，俩年轻人找房搬家中难免有不同意见，女婿一怒之下回家搬兵老母，希望自己妈妈出头摆平，结果被他妈教训道""儿子，你已经是成年人了，你和任何人的矛盾都只能亲自跟当事人解决，爱情会帮助你们找到解决办法，很遗憾我不能帮忙。""  ",,无,无,无,2013-08-20 14:47,微博 weibo.com,11,19,12
A5C3lCf0w,"德语Sehen是""看见""的意思，Sucht是""上瘾""，合一起Sehensucht就是""思念""，表达""思念""其实就是对看见某样东西到了上瘾的地步。不同的语言对同一情感的不同表达方式非常有趣，换个角度一看，""思念""原是一种瘾啊。  ",,无,无,无,2013-08-20 14:30,微博 weibo.com,4,9,11
A5BPDcXlj,"德语Heim是""家乡""的意思，weh是""疼痛""，合一起Heimweh就是""乡愁""; Fern是""遥远""的意思，和""疼痛""合一起Fernweh就是""远愁""，意思是""思念远方""---对从未去过的地方泛起思念之情。第一次读到这个词怦然心动，没有人比我更理解远愁这俩字，因为，不管到了多远的地方，我都更向往地平线后面的那个世界。  ",,无,无,无,2013-08-20 13:56,微博 weibo.com,11,10,9
A5tOP7llw,网友说：老话说，结婚第一年做一次爱，放一颗豆子进缸里，第二年做次爱，从缸里拿出一颗豆子，缸里的豆子一辈子都拿不完呀。答: 按老话结婚，靠的是男女二人的家庭条件和天然新鲜感，不是深层次性爱交流，当新鲜感消失后，就无以为济了。记住，夫妻在一起就是为了互相舔豆豆，不是为了无聊数豆豆。  ,,无,无,无,2013-08-19 17:32,微博 weibo.com,12,5,4
A5tnVDiQb,"""大部分男人在纯性体验方面希望女人经验丰富一点，和自己各款都能体验一下，而在寻求配偶时，又希望对方没有经验，或者仅有很少的可以忽略不计的性经验。这是男性普遍存在的“利我”的性心理。 以上是@幸福玛丽娅微博 做的一个调查。""----这种矛盾心理就是性爱与婚姻分离的根源，男女活该活受罪!!  ",,无,无,无,2013-08-19 16:25,微博 weibo.com,9,26,51
A5tdokXr5,很多夫妻把孩子当成性爱绊脚石，我们夫妻却把孩子当成了性爱催化剂。试想一下，我们至今若没孩子，卧室厨房草地，随时随地想做就做，十年下来恐怕也早腻了，正是因为孩子的降临，才让我们的性爱充满躲猫猫的张力和重获童真的活力，为了避开孩子，调情发明了双关语，加入了童话人物，比偷情还刺激。  ,,无,无,无,2013-08-19 15:59,微博 weibo.com,7,10,2
A5swnwbvg,男网友诚实写道: 性是肉体生活，遵循快乐原则; 爱情是精神生活，遵循理想原则; 婚姻是社会生活，遵循现实原则。这是三个完全不同的东西，婚姻的困难在于，如何在同一个异性身上把三者统一起来。答: 这，正是男人真实的心声，女人真实的困惑。结婚越久，三位一体的男女越罕见，不管你愿不愿意!  ,,无,无,无,2013-08-19 14:14,微博 weibo.com,6,49,12
A5n90pPTf,"网友问: 林女士好，你感觉德国和中国最大不同是什么? 答: 最大不同--中国是超级大国，人口众多; 德国是蕞尔小国, 小国寡民。所以中国人喜欢把人看成负担，其实换个思维方式，像德国人那样，认为人就是财富，人越多思想越丰富，创造力越大，珍惜每个人的存在，尊重每个人的方式，就把负担变成宝藏了。  ",,无,无,无,2013-08-19 00:32,微博 weibo.com,5,11,4
A5jxAEskd,我觉得情人这关系就是扯蛋的关系，因为早晚要完蛋，所以交情只限于玩蛋，没到玩命的地步，跟夫妻不一样，夫妻是生死与共荣辱俱享的关系，若再不能交心交命掏心掏肺，那，还真不如做情人合适，起码情人还扯扯蛋呢，夫妻却连手都懒得再碰，淡出个同林鸟来，大难临头各自飞。  ,,无,无,无,2013-08-18 15:22,微博 weibo.com,18,8,9
A5iO3uU2f,如果夫妻间真正做到真实坦荡，你就玩不腻对方的身体，就像玩不腻自己的身体一样!  ,,无,无,无,2013-08-18 13:30,微博 weibo.com,13,4,6
A52fsx9Tt,"朋友参加聚会，遇到一个佛教徒，每日坚持修行打坐，在杭州那种马路上能烤肉的地方，白天黑夜坚决不许开空调，跟他同住一个酒店房间的同事热得大汗淋漓夜不成寐，人家全靠心静自然凉，一点汗不出，还盖棉被。我跟老公吹牛佛教神功时，他惊讶道""啊? 修完佛教的人都那么自私自利了吗?"" ""啊?""  ",,无,无,无,2013-08-16 19:20,微博 weibo.com,5,36,16
A4RVl0PKI,网友问: 你们夫妻生活和谐，关键是不是你经常给他不一样的诱惑惊喜？答: 我觉得我们夫妻生活和谐，只是因为真实坦荡(所有诱惑和惊喜都是我身为女人本真的模样，不是可以制造的)。这也是为什么我把这次婚姻比作钻石和激光的原因，除了真实，真相和真理，这个世界上没什么更有力和珍贵的。  ,,无,无,无,2013-08-15 17:03,微博 weibo.com,22,35,12
A4JYH9sMI,爱情就像内急，不是你想有就有的，也不是你想没就没的，每个人的真实的爱情，基本都是不可控的，所以我从不强求爱人一辈子爱我，就像不强求爱人跟我一起上厕所一样，憋得脸红脖子粗，也拉不出屎来，没有比这更不人道的了。我们都别浪费生命，就像，我们都别没事赖在厕所里，让双方臭不可闻一样。  ,,无,无,无,2013-08-14 20:50,微博 weibo.com,22,58,19
A4J4EcjlI,我以亲身经历算一笔帐，假如一方不再爱，直接跟伴侣说是最省时省力高效高速利于双方的做法，比如我第一次婚姻，前夫若在第一时间通知我，我们可能用半年时间尝试改善关系，若无效，再用半年时间做好分手准备，比如分居适应等，离婚后各自再用半年时间疗伤起步，只用一年半，大家就重新开始新生活了。  ,,无,无,无,2013-08-14 18:32,微博 weibo.com,12,67,67
A4Hq88K8n,网友问：我想问一个问题，在德国如果男人不出轨，诚实地告诉妻子说：不爱了，我们离婚吧。女人会怎么样啊？a、婚姻是责任，有亲情就行，离啥婚b、没良心，结婚的时候说好要爱一辈子，不许离婚c、我帮你生孩子做饭付出这么多，你竟然敢把我甩了d、尊重你的选择，好合好散吧  ,,无,无,无,2013-08-14 14:19,微博 weibo.com,9,29,5
A4ALn4oNs,网友问: 老公一直怀念学生时代未追到的女神，近期联络上，天天神昏颠倒，暗暗为她定制生日礼物等，钱包暗格放女神的大头照。。。我看在眼里，默不作声。我扮圣母白莲花吗?  ,,无,无,无,2013-08-13 21:22,微博 weibo.com,3,23,5
A4qc0xm3o,关于德国社会对于婚姻的态度，具体例子说明: 假如我和老公通知亲朋好友，我们夫妻决定分居了，也不过就像一颗石子投入湖心，整个社交圈会起涟漪，但也仅此而已，我们从此可以各自带情人出现，无人震惊; 但是，假如我老公前脚跟我出入，后脚带情人登场，那整个社交圈就像冷水泼进了热油，炸锅了。  ,,无,无,无,2013-08-12 18:28,微博 weibo.com,8,14,5
A4pIcdr1G,"中国人分蛋糕, 是靠说教，让大家礼仪谦让，尊老爱幼，由上及下，热衷宣讲孔融让梨，期盼明君清官再世，但最终，执刀切蛋糕的总是先下手为强，君君臣臣，最后沆瀣一气昏庸黑暗。而西方人分蛋糕，没有谦让，只有制衡---执刀切蛋糕的人不能负责分蛋糕，就这么简单一招，省却多少废话。  ",,无,无,无,2013-08-12 17:14,微博 weibo.com,13,21,9
A4pybpwWy,"半夜正读书，抬手看了下表，我说""都12点整了，你的小铃铛怎么还没叮当呢?"" 老公愣了一秒恍然大悟，气势汹汹说""我这怎么能叫小铃铛? 应该叫Big Ben!""  ",,无,无,无,2013-08-12 16:49,微博 weibo.com,9,2,6
A49qg13LJ,网友问: 和男友异地恋，不常见，刚见面我又病了，他口头上关心却跑到朋友家打游戏。我很难受，是我要的东西不正常还是他本身的问题？答: 你要的很正常，他给的不对头。不管他爱不爱你，都不大适合结婚，只能在健康美好时凑一块，不能在生病倒霉时陪伴的，适合做情人，不适合做夫妻。  ,,无,无,无,2013-08-10 23:46,微博 weibo.com,8,25,5
A49f0kZJe,德国政府下决心跟烟草做斗争，一方面是民意(非吸烟人士终于受够了二手烟); 一方面是保险公司不乐意啦。比如说，肺癌要由保险公司掏钱治疗，而引起肺癌的烟草公司却不出一分钱，保险公司跟烟草公司俩大佬掐架，再加上选民意愿，政府只是个墙头草，谁强偏向谁而已。  ,,无,无,无,2013-08-10 23:18,微博 weibo.com,4,64,9
A3YXWcI9T,"网友认为社会允许多种性爱姿势存在是""世界末日，轻易放纵，多少女孩成了女人。酒店定光，避孕套售馨，医院人流巨多…这是和谐社会?"" 答: 在德国这种性自由国度，酒店也没爆满，人流属于违法，人口也没爆炸。不过在德国确实有一种人活在末日，就是小JJ老男人再也骗不到女孩子了，其他人都活得崩崩的。  ",,无,无,无,2013-08-09 21:09,微博 weibo.com,33,9,18
A3YxTm3HB,婚姻只是众多姿势中的一种，甚至可以说，一夫一妻制婚姻是众多姿势中最不好玩的一种，只有在充分自由的前提下，仍然坚持选择这种姿势的人，才有可能玩好!(注意，也仅仅是可能而已，不是必然) 中国目前的婚姻乱象说明很多不适合婚姻的人被绑架在婚姻里，扭曲挣扎出的姿势注定不好玩也不好看。  ,,无,无,无,2013-08-09 20:04,微博 weibo.com,15,11,49
A3Yue7Z2Z,婚姻不是适合所有人的生活方式，在西方早已成为多项选题之一，不是单项必答题。西方人虽然结婚后找情人的少，但单身时性关系复杂，五花八门走马观花花样翻新，我觉得，没有任何一种生活方式适合所有人，就像性爱中没有任何一种姿势适合所有人一样，一个社会应该容许每个人选择自己最舒服的姿势活着。  ,,无,无,无,2013-08-09 19:55,微博 weibo.com,15,7,5
A3XvagcaQ,"网友说: 博主之前的遭遇值得同情... 答: 我记得那年闹离婚时，有个朋友听我出事儿了来安慰我，一进门看到桌上一堆德语书和字典，一看我本人精神抖擞说说笑笑，他说了句意味深长的话，他说""本来我很同情你，现在我很同情他(指前夫)。"" 你看，连我朋友都不同情我，你现在知道该去同情谁了吧?  ",,无,无,无,2013-08-09 17:25,微博 weibo.com,16,2,14
A3WSGr9CS,在德国吸烟人士越来越难熬了，先是税重烟贵，禁止吸烟广告; 后是公共场所分区划片; 再后来一不做二不休，公共场所绝对禁烟，饭店酒吧汽车火车，全面封锁; 最近，又出了个案子，只要邻居或出租房主提出异议，连在家室内吸烟也被禁了; 最后，又出了个案子，连在家门口室外吸烟也不成了，烟民咋活啊?  ,,无,无,无,2013-08-09 15:50,微博 weibo.com,6,15,8
A3WNYuJu5,情操情操，就是有感情操下去; 操守操守，就是操后还能守住。所以我觉得我和老公，都是特有情操和操守的人。  ,,无,无,无,2013-08-09 15:39,微博 weibo.com,11,7,5
A3WLCfwq0,"""仓廪实而知礼节，衣食足而知荣辱""这话用在性爱上同样有效，""身心足而知情重""，举个简单的例子，酒足饭饱和饥肠辘辘去逛超市你买的东西绝对不一样。我们现在生活的大环境，性爱早已像超市，出门就可随手随机享用。在家饿得大眼灯似的，再指望靠情操坚守，纯属痴人说梦蠢人自欺恶人说谎。  ",,无,无,无,2013-08-09 15:33,微博 weibo.com,9,4,5
A3SkttSEo,一个80后未婚姑娘认为中国已无性压抑，叫板跟我比一下谁性福更大，我跟她讲，我对中国80后90后非常欣赏，所以才说过若再婚只找80后，不考虑70后这种话，这是我对80后最大吹捧。至于未婚女跟已婚女的性福打擂，还是算了吧，一个出售并磨损10年的商品和一个只适用未出售的商品做对比，没任何商业说服力。  ,,无,无,无,2013-08-09 04:15,微博 weibo.com,11,5,12
A3PJUEnbQ,我总嘲笑70后大叔，有个80后姑娘，替大叔说话: 现在中国性开放程度超乎你的想象。答: 连西方男人到了中国都会成土鳖，带着情人满世界走，有本事他带着情人到自家门口走一圈试试! 性开放和性解放是俩概念，连在中国总跟西方人鬼混的80后都搞不清，你让我怎么相信70后现在就不是土鳖了呢，呵呵。  ,,无,无,无,2013-08-08 21:39,微博 weibo.com,5,10,6
A3PpEeBpf,"给大叔控们泼个冷水: 女孩子二十多岁嫁给四十多岁的大叔，女人四十多岁时，大叔六十多了，你看我，今年41，身边站六十多一老头，你觉得般配吗? 到那时你精力正充沛，他却掉链子了，他嫌你穿得太暴露，你嫌他老破土旧怂...""大叔控""的结局多半是""大爷受""，伺候大爷受罪去吧。  ",,无,无,无,2013-08-08 20:49,微博 weibo.com,8,17,15
A3NCha3es,实事求是讲，日本在饮食方面比德国强百倍，精细讲究，丰富繁多，不像德国饮食，甜腻粗糙，单调无聊(但愿我比较时不会又有人蹦出来说，人生除了吃饭还有更高尚的情感，烦死个人)。食色是人生两大重头，别管艺术还是政治，经济还是哲学，大家就围着这两样忙活，以这两样为动力，别的，全是吹牛。  ,,无,无,无,2013-08-08 16:15,微博 weibo.com,10,9,10
A3MtXcyv3,我倚老卖老回答下为啥会出现这结果，因为中西方婚前择偶标准就不同，婚后生活中心更不同，西方女人婚前婚后都是主人，中国女人婚前受世俗观念和父母期望影响，婚后受养育子女和孝顺公婆影响，在各个时期都只是半... (评论给 美刊：五国调查显示中国女性对婚姻满意度最低_中国频 http://t.cn/zQNa699 )  ,,无,无,无,2013-08-08 13:22,参考消息,4,6,7
A3FM1jiz2,保险公司寄来一张卡片，Organspendeausweis(器官捐献证书)，大小如银行卡，方便夹在钱包里。有几个选项: 本人死后可捐献哪些器官，或死后由哪位亲属决定器官捐献，或决定不捐献任何器官等，签字生效，万一出什么意外，医生据此行事。原来器官捐献手续如此简单啊。  ,,无,无,无,2013-08-07 20:17,微博 weibo.com,8,6,4
A3FAex5SO,"和老公聊天，居然把他聊硬了(语言功夫)，他说""快把它说回去，万一孩子回来就麻烦了!"" 我说""你说口袋里有手电筒不就得了。"" 晚上老公给孩子念书，小女儿突然问""这是什么? "" 老公说""手电筒""，边说边掏出一个真手电筒来，我连惊带笑前仰后合，孩子们莫名其妙，老公故意说""妈妈，手电筒有什么好笑?""  ",,无,无,无,2013-08-07 19:48,微博 weibo.com,18,2,15
A3FrUBBNm,"孩子们非要养宠物，大女儿说: ""Emma家有四十只兔子，咱们家什么都没有。"" 我说: ""我已经有俩宠物了，懒得再伺候别的宠物。你们要是想养宠物，除了鱼，谁都不许进屋，Emma家的兔子也是不许进屋的呀。"" 她说: ""谁说的? 兔子一端到盘子里就允许进厨房了呢。"" ""啊?"" 这孩子，说话越来越像她爸爸。  ",,无,无,无,2013-08-07 19:28,微博 weibo.com,3,1,5
A3DqK9zJM,#家有贤妻# 这个丈夫真是个笨蛋，静音键明明在女人屁股上，拍一下，会累死你啊? 详情:http://t.cn/zQIuMGZ  ,,无,无,无,2013-08-07 14:19,超话,6,2,2
A3wYx2YuK,我老公觉得，人这辈子做过自己想做的事，操过自己想操的人，面对死亡就没什么遗憾的，地球容量有限，生死更替好给后人腾地儿，这么美好的世界，不能总是一代人霸占，不过他觉得唯一遗憾的是，真的很想看看未来技术发展到什么地步啊。  ,,无,无,无,2013-08-06 21:53,微博 weibo.com,19,39,29
A3wVl4XiY,我参加过三个葬礼三个婚礼(其中一次婚礼是自己的)，感觉德国婚礼葬礼程序都差不多，尤其男士服装，全都是黑色，我跟老公说，他那身婚礼服装可以留在以后参加我葬礼时穿，等他死了直接当丧服用即可，省钱啊。把他给乐的，他说，参加我的葬礼真不知是该哭还是该笑。我给他讲中国庄子鼓盆而歌，他觉得牛。  ,,无,无,无,2013-08-06 21:45,微博 weibo.com,8,4,3
A3wRhiobb,因为活得活蹦乱跳，所以死得也不悲悲切切，德国人好像对死亡也比较从容，可能因宗教信仰对世俗观念影响吧，多数人还是相信有个天堂在前方，亲人只是先一步而去，早晚大家还会欢聚一堂共喝庆功酒，庆祝天国的到来，所以德国人的葬礼上没有二胡的凄切，只有提琴的婉转，有伤感，没惨淡。  ,,无,无,无,2013-08-06 21:35,微博 weibo.com,9,8,12
A3wLU0rqH,去做发型时读杂志，据查德国女性更年期后性生活质量大幅提高，感受更丰富，身体更加敏感，需求更加强烈，因女性断掉月经周期后，随之失去了由性带来的生儿育女的压力和负担，反而不是青春胜似青春了。感觉德国好像就没有什么正儿八经苟延残喘的老年人，全都活蹦乱跳的，嘎巴一声! 倒地而亡。  ,,无,无,无,2013-08-06 21:22,微博 weibo.com,6,18,25
A3vInyht3,老夫老妻之间的激情靠的不是新鲜感，而是创造力。这就像，你可以跟100个人重复一个笑话，每次听到的笑声都是不同的，难度非常小，也无需创造力! 你跟一个人讲100个不重样的笑话，每次听到的笑声其实也是不同的，但难度却非常大，需要创造力。只是，这需要两个人的信念，所以才更难。  ,,无,无,无,2013-08-06 18:41,微博 weibo.com,13,38,11
A3vyU7Fbc,网友说: 我觉得婚姻和恋爱不同的一点应该是恋爱只有爱情，而婚姻是爱情+亲情。答: 我还是觉得，婚姻和恋爱最大的区别在于---恋爱时没有固定地点男盗女娼，结婚后有了固定地点男盗女娼，至于婚姻中的责任和义务，比如分摊家务和账单，都是男盗女娼的前奏和后戏，干起来才叫有劲头呢，哪里会喊冤?  ,,无,无,无,2013-08-06 18:17,微博 weibo.com,6,10,9
A3lkR4nkz,很多女网友都因丈夫出轨而询问过我该怎样挽救婚姻，或是否该离异，我想到的第一个问题都是，作为丈夫，他还能满足你吗? 你每周需要几次? 你们夫妻目前每周做几次? 质量如何? 因为，这就是我第一次婚姻时发现前夫出轨考虑的问题，答案很明显，数量和质量完全不能满足我，OK，离婚!!  ,,无,无,无,2013-08-05 16:15,微博 weibo.com,7,15,15
A3ldoiBdb,很多人说我欲望大于普通女人，错! 我的欲望不高于常态，我只是比其她女人更诚实，清楚并承认自己吃几两干饭，从年轻时我便知道自己每周需要一两次(大家算算，年平均次数远低于世界统计100次的水平)，欲望如此低，中国亲情式婚姻都满足不了我，可见，中国多少女性在性压抑中枯萎!  ,,无,无,无,2013-08-05 15:57,微博 weibo.com,15,37,31
A3kTavX7p,网友说: 我男友居然跟我说他身边的哥们儿也和他一样五分钟就完事儿，我可无语。答: 好可爱的男友，称得上实话实说的快男了，他有一帮铁哥们儿，充分说明物以类聚人以群分。只是身为女友的你可能不是快女，超女遇到快男，也不是无解，你可以自己先预热，快结束时再诚邀他加入，一举达共鸣。  ,,无,无,无,2013-08-05 15:07,微博 weibo.com,6,5,13
A3eyk0B7F,网友问: 在当今中国这个混乱的社会，如何跟老公持续、长久地在婚内搞情人关系？男生女生各要注意些什么？答: 婚姻不是独角戏，而是二人转，一个人的双簧，看着滑稽，实为悲剧。男生女生最要注意的就是，双双承认自己身为异性的身心需求，双双尊重对方身为异性的身心需求，说实话，干实事。  ,,无,无,无,2013-08-04 22:59,微博 weibo.com,11,9,2
A3epYj7G9,网友问: 长辈都说结婚久了爱情就变亲情，左手摸右手。貌似中国男人普遍喜欢找个老婆当神供着，觉得老婆没外面野花香。答: 若男人娶个老婆当神供着，倒好啦! 他们娶个老婆是当糟糠收着，不让别人动，自己也不碰，丰年时不跟你共享，流年时再拿你充饥，等他玩累了闹够了得病了倒霉了，再回家让你伺候的。  ,,无,无,无,2013-08-04 22:39,微博 weibo.com,14,48,22
A3eml9Y1a,网友问: 婚后才发现吸引自己的特质只能在情人身上找到，配偶不具备也无法培养出，但又不能离婚，这种情况怎么破？答: 我要是知道这种情况怎么破当初就不用费劲离婚了，发现婚姻不如意只有三条路可走 1，离婚; 2，找情人弥补; 3，认命。这三条路分别适合三类人 1，莽人; 2，俗人; 3，常人。  ,,无,无,无,2013-08-04 22:30,微博 weibo.com,8,11,15
A2UdVDegA,"圣经旧约""创世纪""19章: 所多玛城罪恶，耶和华要灭此城，天使通知罗得携妻女离开，不准回头，罗得妻子好奇，回头立成盐柱(估计这段大家都听说过)。接下来罗得和两个女儿住到山上，有一天大女儿对小女儿说""...我们和父亲同寝，好从他存留后裔...""，大小女儿各生一子，分为两大始祖。@穿木屐的玛窦  ",,无,无,无,2013-08-02 19:14,微博 weibo.com,1,13,13
A2TpWgoTB,"冯唐说: ""女人的脸蛋、屁股，都不如内心强大到混蛋重要!"" 我想，冯唐以他的盖世才华算得上高富帅才了吧，看看，高富帅才们欣赏什么女人。你若把自己弄成内心脆弱到完蛋的地步，周围就自动围绕一帮屌丝，盯着你的处女膜友邦惊诧咂舌品评，用舆论把你吓成小脚老太太。  ",,无,无,无,2013-08-02 17:11,微博 weibo.com,30,39,19
A2Mlevd2G,我第一次婚姻是典型中国式婚姻，先热恋，后结婚。前夫也不坏，无暴力无赌博无不良嗜好，对我称得上温柔包容，但，也正如所有中国式婚姻，是亲人式的好，没有情人般的妙。热恋时有过浪漫疯狂，婚后渐入平淡琐碎，我内心里的风情日益压抑无处可诉，性欲日益膨胀四处爆炸，现在想来真是往事不堪回首。  ,,无,无,无,2013-08-01 23:10,微博 weibo.com,15,79,32
A2M0T3wFR,"罗西解释中国式婚外情: 如果自己婚姻内就有""情人般""的关系，那么就不会太饥渴地去找""第二种关系""...但中国女性大部分出轨的起因是：家里有家长有哥哥，可是总觉得还有一个男人没有回家，于是就去寻找，才惊醒：那个陌生的男人叫""情人""。----总算有中国男人重视婚内情人关系了。  ",,无,无,无,2013-08-01 22:20,微博 weibo.com,8,8,9
A2IOibgiN,我举个具体例子来说明权力不受约束时会导致每个人的思维如何变形: 老公公司目前正投标承接该市某项目，而我恰恰因接送孩子认识本市市长(很帅哦)，如果在中国，我，一定想方设法接近他，而在德国，就算我跟他混上床，他都不可能把项目拍给我(不是我魅力不够大，而是他权力不够大)!!  ,,无,无,无,2013-08-01 14:11,微博 weibo.com,4,12,1
A2ApJ5DFa,网友说: 政府立法时理应保护有利于社会的传统家庭，性与婚姻观念，没有稳定家庭，国从何来呢？答: 政府立法时理应保护人权，没有人人平等，国为何存在? 中国目前的婚姻家庭状况，对不起，还真不如德国观念传统，别的甭说，几千万留守儿童，放到德国，都属于违反人性违反法律的社会现象。@一桐_Yitong  ,,无,无,无,2013-07-31 16:48,微博 weibo.com,14,8,7
A2xkyAy99,性这东西，就像蒸汽，你承不承认，它都存在(2%无性人除外)，愣往下压制的结局，轻则令人泄气，怨气冲天; 重则大爆炸，伤人又伤己。正确做法是承认正视它，管理疏导它，它就会像火车头那样，带你轻松走四方跑天下，享尽沿途风光。  ,,无,无,无,2013-07-31 08:57,微博 weibo.com,11,12,6
A2iM7s2kr,"网上挺好玩，上面一张提裙旗袍照有人@SexFriend ，此人勇气可嘉，上来就说""身材保持这么好，单身必炮之。"" 我正琢磨，这谁呀这么不知死活，有个网友提醒他""炮哥别想了，人家养洋鸟。"" SexFriend毫不客气回复他:""你个怂包!"" 炮哥名不虚传，嘴上功夫厉害，把我都逗笑了。  ",,无,无,无,2013-07-29 19:54,微博 weibo.com,3,5,22
A1OowzDHP,"""不知道Klitoris在哪你就不能满足妻子，妻子不满足脾气就不好，脾气一不好关系就紧张，关系一紧张你们就分手，你们一分手孩子就尿床，孩子一尿床就被小朋友嘲笑，一被嘲笑就性格孤僻，一孤僻就完不成学业，完不成学业就没职业，一没职业就犯罪，抢银行...这一切都是因为你不知道Klitoris到底在哪!!""  ",,无,无,无,2013-07-26 14:33,微博 weibo.com,5,19,7
A1OcpqpVa,爱情只是两个能玩到一起，说到一起，做到一起的人找到了对方而已，任何其它因素都不属于爱情，所谓责任，是保持和这个人积极玩，积极说，积极做的热情和冲动，而不是懒得分手的惰性和麻木。热情和冲动不仅仅是对爱情的责任，更是对生命的责任，因为我们活一天就少一天。  ,,无,无,无,2013-07-26 14:04,微博 weibo.com,25,61,10
A1EU0BcTx,老公不明白那些为传宗接代而生孩子的人，他说: 人生或婚姻，就像一场Party，你是举办它的主人，举办得好，至少令人舒服，才好意思请别人参加，尤其是自己的亲生骨肉，你请TA来这个世界，不是要当你糟糕人生或婚姻的观众，也做不了你糟糕人生或婚姻的救星，TA只是个无辜的客人，被你败坏了兴致。  ,,无,无,无,2013-07-25 14:23,微博 weibo.com,51,210,48
A1xp9gDUD,之所以转这篇是想提醒广大女生，绝大部分男人都是主动开始一段关系，被动结束一段关系。追人时男人目标明确，甩人时男人声东击西。如果男友或丈夫小气，孝顺，木讷，忙碌，冷漠到令人无法忍受的地步，往往是他无法忍受你的时候，请主动提分手。记住，爱你的男人，得罪全世界，也不敢得罪你!  ,,无,无,无,2013-07-24 19:18,新浪博客,22,62,8
A1pU2pNAo,"老公要买3D复印机，我嫌那东西一点实用价值没有，纯粹当玩具太贵了，他劝我，买来之后可以Scan他的Penis再Copy，我就可以拿他的正宗原版复印件把玩了。我一听，确实是件激动人心的好事儿，就同意了，正跃跃欲试时他又没兴趣买了，我念念不忘说""万一闹离婚，你一定先Copy给我留个纪念啊。""  ",,无,无,无,2013-07-24 00:12,微博 weibo.com,5,3,6
A1pNygp5m,"太阳出奇好，枕头被子拿出去晒，晚上忘了及时收进，天一擦黑，湿气就来，当晚不能盖，只好翻出其它被子，我犯懒，不愿套枕套，老公非要套，我说""反正枕头是临时的，就合一夜，干吗那么麻烦?"" 他说""那不行，枕头是临时的，睡眠不是临时的，就算一夜也是正式的，不就合。"" 贱人真矫情。  ",,无,无,无,2013-07-23 23:56,微博 weibo.com,11,3,1
A1mOffrqA,"""大卫年纪老迈，虽用被遮盖仍不觉暖，臣仆对他说`不如为我主我王寻找一个处女伺候王奉养王，睡在王怀中，好叫我主我王得暖。` 于是在以色列全境寻找美貌童女...这童女极美，她奉养王伺候王，王却没有与她亲近。""(列王纪上1章1-4节) ---大卫不是不肯亲近，只是有心无力罢了，临死临死还整一个处女陪葬。  ",,无,无,无,2013-07-23 16:20,微博 weibo.com,1,1,7
A1fPFtEFq,"请各个教派不要在我这里班门弄斧跳大神儿了，天主教徒搞了半天都没弄懂基督精神，圣经新约最大教规是""全心全意全智爱你的神""，第二大教规是""爱人如爱己(包括仇敌)""! 做不到这点，举着多少十字架都白费，要不是通过我给人解释基督精神帮你们解围，你们把多少人都吓跑了，我都替耶稣倒吸了口凉气。  ",,无,无,无,2013-07-22 22:34,微博 weibo.com,6,4,77
A1d1F5wf2,网友天主教徒给我写道: 我感觉，不管以前有什么样遭遇，尤其是不好的甚至错误的经历，最好不要拿出来广而告之。因为这样并不能弥补歉疚和后悔，更不能因为大胆说出来就真的得到宽赦和自我坦然，反而更可能招致他人产生犯罪的心理。所以，不讲出来至少可以保护他人纯洁。  ,,无,无,无,2013-07-22 15:25,微博 weibo.com,5,9,2
A0YvG8s48,到处买热裤，没买到符合我要求的超级短裤，一怒之下抄起剪刀，咔嚓一剪子下去就制造出我要的效果了，短到露出屁股上一小砣肉，在屁股与大腿交界处还有一条线，德语杂志上说，有这条线就是性感，最适合穿热裤，我一读完，就想，我这条线不穿热裤就浪费啦呀，于是剪了一条裤子。  ,,无,无,无,2013-07-21 02:28,微博 weibo.com,14,4,26
A0Yrs2WYP,"朋友看到某征婚启事，某博士，45，有婚史，诚征感情经历单纯之女士，朋友说""跟这类男人上床，女人吧，也挺为难，真不知道是让他爽好还是不让他爽好，让他爽了吧，怕他认为你感情经历不单纯，不让他爽吧，又感觉怀才不遇，哎，这种傻冒都45了还没活明白呢。""  ",,无,无,无,2013-07-21 02:18,微博 weibo.com,14,57,19
A0MAZe87v,我写的东西里30%是受老公直接或间接影响，不管是写小说，还是写微博，我经常跟老公海阔天空讨论唠叨，他的很多意见想法都不知不觉被我吸收了，所以我才坚信，你通过一个女人的婚恋观能看出她老公或跟她有亲密关系的男人的思想境界，夫妻是互相影响共同成长的，达不到这程度的，就打架斗殴离婚分手了。  ,,无,无,无,2013-07-19 20:08,微博 weibo.com,18,23,8
A0Mf9yY1t,2003年暑假，我结婚怀孕，住在森林边儿，出门一拐就是幽荫静谧的林间小路，阳光被打碎，熏风被冰镇，甭管什么，一进森林，先被扒一层皮，变安静了变冷静了变平静了，变得像树影一样无声无息....2003年暑假，我挺着肚子，在德国森林里游荡，与树影难解难分中，忽然想写点什么。  ,,无,无,无,2013-07-19 19:14,微博 weibo.com,9,9,6
A0Kp1r087,对女人来讲，年龄上涨会贬值，智慧上涨会增值，年龄与智慧在赛跑: 智慧赢了年龄，女人会老而弥坚; 智慧输了年龄，女人便坐以待毙。我不隐瞒自己的年龄，也不隐瞒眼角的皱纹(从未PS照片)，因为，我从未靠脸蛋取胜过，现在也不怕它老去。  ,,无,无,无,2013-07-19 14:33,微博 weibo.com,237,178,103
A0uma8ONC,省钱容易赚钱难，嫁人容易幸(性)福难。女孩子用装纯来嫁人，就像用省钱来发财一样，难度小，但富不了! 什么男人会天天教育你省吃俭用?? 什么男人会天天教化你无欲无求?? 恰恰是那些在乎钱却赚不来钱的男人，有欲望却没精气的男人!!! 嫁给这样的男人不难，难的是，一辈子小鸡肚肠熬日子。@ayawawa  ,,无,无,无,2013-07-17 21:42,微博 weibo.com,45,58,34
A0sYAhG8E,夫妻在一起久了，不但长相气质会渐渐接近，思想性格也会慢慢趋近，因为，只有这样才能和谐共鸣，若渐行渐远背道而驰，则不可能长治久安!! 这就是为什么我敢断言 @ayawawa 老公鸡小胸窄的原因，因为她的言论是夫妻二人互相影响共同作用开出的奇葩，不是她独自培育的恶果!  ,,无,无,无,2013-07-17 18:11,微博 weibo.com,33,22,56
A0szjiqi2,德语中吹毛求疵或谨小慎微，拘泥小节的说法: Korinthenkacker(屙葡萄干大便的人)，Haarspalter(分裂头发丝的人)，Erbsenzähler(数豌豆的人)，Paragraphreiter(骑在条款上的人)。融会贯通两种语言的人想象力不丰富都难啊。  ,,无,无,无,2013-07-17 17:09,微博 weibo.com,7,24,6
A0jMz80fy,只要男人睡了就要嫁给他，只要男人娶了就要为他生孩子的女人，都是弱智! 记住，跟男人上床，是你在挑他，不是他在挑你; 是你在验货，不是他在验你! 处女膜是你的，子宫是你的，将来生下来的孩子也是你的(除某些极端母亲，没见过扔自己孩子的妈妈)，你不为它们负责，男人也负不起这个责!  ,,无,无,无,2013-07-16 18:47,微博 weibo.com,28,19,18
A0idI9XcU,我老公就不理解那些出轨的男人，他说，性爱是女人的良药，男人不把良药给自己老婆，却给别人老婆送药忙，最后你老婆病了，还不是你陪着受罪，难道别人老公会因为你给他老婆送药了，而跑来替你照顾你老婆吗? 这就像妻子做完饭却不给老公吃饱，偷着分给别人吃，最后你老公饿坏了身体，还不是你受罪照顾!  ,,无,无,无,2013-07-16 14:49,微博 weibo.com,14,29,17
A0i3ZlquE,"网友给我写道: ""肝主疏泄，喜条达而恶抑郁。原先情怀不畅，肝气郁滞，自然影响经期。""-----怪不得我在第一次婚姻后半段月经越来越不准，本来我年轻时身体健康性格活泼，结错一次婚，把经期搞乱了，看过中西医，都找不出啥病。直到跟老公订婚后，又长头发又不痛经，啥毛病啥心病一次性痊愈了。  ",,无,无,无,2013-07-16 14:25,微博 weibo.com,3,8,8
A0dCXoegk,"我对孩子吃甜食很严格，那天给两个孩子分吃小熊糖(Gummibärchen，德国孩子很喜欢吃的一种软糖，类似高粱贻)，我说""每人允许六个。"" 因德语6(Sechs)和Sex发音一致，老公接茬到，""那我也允许Sex."" 孩子一听说""你是大人，怎么也要Sechs啊?"" 老公看着我说""我们大人就喜欢Sex啊"" 把我给乐的。  ",,无,无,无,2013-07-16 03:07,微博 weibo.com,7,2,3
A0dzo45LM,"德国一年四季雨量大，草地几乎不需浇水，最近天气干燥，老公割完草浇水，我说""天气预报说过几天就下雨了，现在何必费事，不能再等几天吗?"" 他说""她(草地是阴性词)跟女人一样，想要湿的时候，男人就得浇，等几天就不相爱了(sich nicht grün""不绿了""在德语中是双关语，表示不相爱了).""  ",,无,无,无,2013-07-16 02:58,微博 weibo.com,11,2,5
A0bELgGuO,男网友怒气冲冲说: 女人忠诚就不会轻易离开男人，不会在几年、几个月，几天，几分钟之后又发部消息说她找到了更好真爱! 答: 不管男女都有趋利避害的人性，没有谁会轻易离开令自己幸福温暖舒适开心的人或东西，争取做个令他人幸福温暖舒适开心的男(女)人，你才会找到更好真爱，而不是那个离开你的人。  ,,无,无,无,2013-07-15 22:06,微博 weibo.com,12,18,10
A09zFyEMs,"网友问: 公婆搬来同住老公就什么家务都不做了，没同住前却勤快得不得了，这可怎么办？答: 那就在公婆看不见的地方让他给你捶背捏脚好了 其实，你老公是个聪明丈夫和儿子，他这样做是为你好! 像我，从来都是这样嘱咐老公的""只要你爸妈在，你啥都别干，白天我替你斟茶水，晚上你替我倒洗脚水。""  ",,无,无,无,2013-07-15 16:48,微博 weibo.com,9,19,7
zFRQseCu4,"好女孩儿即对性没兴趣，也对钱没兴趣，还要死要活要嫁人，每当遇到这种无欲无求的女孩儿，我都特想不怀好意问一句""您嫁人到底图什么?"" 就图个爱情? 那我趁早告诉您，男人还就受不了您这种无欲无求的爱情，宁可找一个图他点什么的坏女孩儿，好享受给女人高潮让女人高兴的成就感!  ",,无,无,无,2013-07-14 02:08,微博 weibo.com,18,16,10
zFOlhezSb,昨天大女儿领回成绩单，除体育，手工，伦理课得2分以外，其它课程都是1分，爷爷奶奶答应她如果主要科目德语，数学等得1分，就带她和妹妹去奥地利，我和她爸爸答应她如果成绩好就带她和妹妹去巴黎，昨天领到成绩后她如愿以偿如释重负，妹妹啥都不干，光跟着沾光了，这姐姐真靠谱。  ,,无,无,无,2013-07-13 17:13,微博 weibo.com,9,1,12
zFGCizP2n,网友问: 一男一女很有好感却为一直没互相确认而苦恼，搞不懂为啥不说出来，能点拨下这个没啥含金量的问题么? 答: 就让他俩憋出肾结石双双住院当同房病友算了，呵呵。我也不懂他俩为啥喜欢浪费大好生命在好感里，而不往好事上走。有可能只是深厚友谊，还没上升到情欲高度，或者还没堕落到情欲深渊吧。  ,,无,无,无,2013-07-12 21:33,微博 weibo.com,5,3,15
zFFHb6OGz,网友问:毛毛姐，被一个男人伤的很伤，你觉得要报复他吗？答: 当然要报复! 咱不干那以德报怨的傻事儿，绝不能轻饶了他! 只是既然报复就要稳准狠，一次性成功，否则，啥都没准备冲上去扇耳光，却被他踹个窝心脚，不是更难受吗? 如果我是你，就先去报名参加个跆拳道武术班，练个一年半载，踹他个狗啃泥!  ,,无,无,无,2013-07-12 19:12,微博 weibo.com,147,94,12
zFEBsugGe,从年轻起我一直自己跟自己谈恋爱，自己哄自己自己宠自己自己爱自己，美得一塌糊涂玩得不亦乐乎，快乐一大把就等着往外散呢。我找男朋友既不是找救星也不是找靠山更不是找包袱，我只是一路在找一个没心没肺叽叽喳喳分享快乐的小伙伴儿，我爱谈天你爱笑。 详情:http://t.cn/zHDXGXO  ,,无,无,无,2013-07-12 16:26,超话,33,35,16
zFBcY3Mcd,婚恋性爱这玩意儿，类似经济学，是一门实用科学，管用不管用，拿到实践中来一练摊儿就露馅儿了，赚钱不赚钱，结婚不结婚，高潮不高潮，有就是有，没有就是没有。不像宗教伦理学，神乎其神，信则灵，不信则不灵，灵与不灵，全在感觉，不在数据! 凭你满嘴跑火车吹牛不上税。  ,,无,无,无,2013-07-12 07:47,微博 weibo.com,3,17,2
zFxVVvUmU,"@沙漠中的城堡 骂我老太婆晒幸福，突然想起上次看到日本老太太一百多岁了写的诗叫""即使98岁我也要谈恋爱""，当时我就给老太太叫好，因为我自信我也有活到98岁那一天，我希望即使98岁也有权利谈恋爱，所以才为她欢呼。看来这位年轻女网友认为自己没有活到我这岁数那一天，所以不希望41岁女人还晒幸福吧!  ",,无,无,无,2013-07-11 23:27,微博 weibo.com,13,8,42
zFmoY9lD1,"有句话""女人的唠叨就是爱""，大替碎嘴女人解围，更告诉男人，女人的碎碎念往往代表爱。其实，女人的碎碎念，往往代表性欲不满! 中年妇女得到异性关注的几率大降，被丈夫忽略的可能却大增，才导致中年妇女病---埋怨唠叨。不是她够爱你，而是你不够爱她造成的，请男人自省，女人自斟吧。  ",,无,无,无,2013-07-10 18:05,微博 weibo.com,13,5,7
zFlQKwI05,最看不上夫妻两个互相拆台互相埋怨互相背叛互相折磨，互不相让还死不离婚的熊样，既然谁都害怕离开谁，就承认对方是你能到手的最佳选择算了，贬低TA，只能说明你眼光不好眼神太差能力不高动力有限，才跟残次品耗在一起了度余生的。没本事的人爱说现任坏话，有本事的人，人家早把黑锅扣在前任头上了。  ,,无,无,无,2013-07-10 16:41,微博 weibo.com,12,35,13
zFlGysl5J,可爱网友问: 毛毛姐，请问你知道或者尝试过什么使胸部丰满些的小窍门吗？或者是让其他人看起来很大的假象哦，期待回复。答: 别的窍门没有，只有一个窍门就是随时随地站有站姿，坐有坐相，挺胸做人。  ,,无,无,无,2013-07-10 16:16,微博 weibo.com,7,5,12
zFljj48hd,我爱上跑步主要是因为跑步这玩意儿没啥场地要求，不必器械准备，不必找人合练，没有时间限制，漫无目的抬腿就走，想什么时候跑就什么时候跑。德国乡下空气质量好，不用白不用，我总觉得早晚有一天全球空气不再适合室外活动，人人都戴面具出行，跑步成为老古董，到那时再搞室内活动不迟。  ,,无,无,无,2013-07-10 15:19,微博 weibo.com,7,4,11
zFlcB0OSX,网友问: 毛毛姐，你的锻炼方式是每天跑步吗？是否还有器械锻炼? 答: 我尝试过各种锻炼方式，器械，游泳，健身操，瑜伽，跳舞，网球....最终坚持下来的只有跑步，其它方式都两分钟热度，没多久就不了了之了。女孩子在锻炼身体上也应像谈恋爱一样不妨多尝试些，找到最喜欢的姿势再忠贞不渝。  ,,无,无,无,2013-07-10 15:02,微博 weibo.com,9,9,12
zFeKNCKgZ,我身高1米63，体重51公斤，一切听起来好像挺合乎标准，但我的问题在于，四肢过分修长纤细，脑袋过于小巧玲珑，导致大部分体重集中在躯干，藏肉丰富体态丰满: 上半身探进唐朝，下半身陷于宋代，好似两支细麻杆，杵着大肥膘，所以我能分别体会胖子和瘦子的感觉，简言之---胖子的心态，瘦子的动态。  ,,无,无,无,2013-07-09 22:37,微博 weibo.com,18,13,29
zF4blcIl8,"网友问: 毛毛姐，你好，想请教一下你说的：""照顾好自己，吃好喝好""。目前很多80后男生活能力都不强，等到小妈老婆包办家务事。女生不理家务或者少理家务，可能会被说没尽到妻子的职责。要比懒的话，一般情况下男人是比女人更懒的。如何来平衡“照顾好自己，吃好喝好”这个度呢？  ",,无,无,无,2013-07-08 19:42,微博 weibo.com,1,6,6
zF45enII4,很多网友来信问避孕事宜，我感觉，恋爱期间无论如何要用避孕套，不光避孕，而且防病。结婚后夫妻二人虽可共同讨论如何避孕这事儿，不过因女方承担风险明显大于男方，还是以女性决定为主，男性协商为辅。但凡涉及生育，女人万不可心慈手软，否则殃及后代，后果你吃不了，男人更不会替你兜底。  ,,无,无,无,2013-07-08 19:27,微博 weibo.com,16,8,3
zEWZMg4Gx,"今天天气温和，早餐在院中吃，突然有只苍蝇飞来，老公说""这只苍蝇真讨厌，总坐到我身上。"" 我一听说""我也总坐到你身上，你怎么不讨厌我?"" 他看我一眼说""它长得又不像你，长成你那样坐到我身上我就不讨厌。"" 小女儿认真说道""可是世界上没有长得像妈妈的苍蝇啊。""  ",,无,无,无,2013-07-08 01:25,微博 weibo.com,9,4,10
zEN1WrJhA,听从自己身体的召唤吧，它往往比你脑子里盘算的小九九要高明得多，因为它是进化上亿年的结果，跟它做对，要靠坐禅敲木鱼儿来维持度日如年的漫漫婚姻长路，不停告诫自己告诫伴侣告诫全世界，平平淡淡就是真。实际上，我们要做的不过是多接几次吻，多交换下体液而已，谁要你咬牙切齿练忍者神功啦!  ,,无,无,无,2013-07-07 00:03,微博 weibo.com,13,15,14
zEMVs0ciU,"读到这个，很有意思""在接吻过程中会发生唾液交换，男性唾液中含有的睾酮，能够传给他的伴侣。日积月累，这种唾液交换能增强女性性欲，使她更加乐于接受性爱。""----很多男性抱怨自己老婆不热情，原因大约在于很多老夫老妻平时对对方身体熟视无睹，从不碰触很少接吻，才导致性到做时方恨冷吧。  ",,无,无,无,2013-07-06 23:47,微博 weibo.com,9,12,7
zEL3z55AV,早春带孩子去湖边喂野鸭，发现公鸭子从来都是让母鸭子先吃，自己在一旁机警守候来回梭寻，直到母鸭子吃完自己才匆忙吃。其实很多时候动物比人类更尊重物种传播规律，雌雄该干嘛就干嘛，不像人，经常自以为是本末倒置，非教育女性在爱情上奉献牺牲，公鸭子又不下蛋，闲着找小蜜吗?  ,,无,无,无,2013-07-06 19:01,微博 weibo.com,16,22,8
zEKX5eX20,网友问:“男人因性而爱，女人因爱而性”这话到底对不对？答: 德语里有句谚语，说爱情是通过鼻子嗅来的。其实爱啊性啊，都是无意识中我们通过鼻子在筛选跟自己基因密码更匹配的人，有利于延续生命。把精神和肉体对立的结局是，晕头转向，没给孩子找个好爸(妈)，一时爽，半世衰。  ,,无,无,无,2013-07-06 18:45,微博 weibo.com,11,20,3
zEJZpF7Tc,"我和老公属于那种一年半载也想不起来吵架的夫妻，不是因为我们没矛盾，而是啥矛盾都禁不住我俩的性要挟，吵到一半就夭折直接改为调情了。有一次，我一生气威胁到""你再惹我，我就含一口滚烫的热茶，再把你的jj含进嘴里，同归于尽!"" 把他都气乐了，还吵个屁呀。  ",,无,无,无,2013-07-06 16:18,微博 weibo.com,7,4,5
zEAXSB3Q5,大二暑假，跟好朋友每人怀揣200块钱，就从天津出发，一路逃票辗转奔波游历到了西双版纳，途经西安，稍一疏忽打了个瞌睡，旅行包被人偷了，洗换衣服没了，还丢了50块钱，全程一套衣服，住10块钱旅社，或在车站囫囵将就...晓行夜宿风餐露宿摸爬滚打，爬华山，观兵马俑，游桂林，探边疆...  ,,无,无,无,2013-07-05 17:20,微博 weibo.com,6,10,22
zEzyEuvRi,"在德国前几年市场上突然出现一种桃，看起来像被压扁了的桃，除了身材走形，味道和外皮和桃子一样，叫山桃(Bergpfirsich)。昨天突然在超市看到被压扁了的油桃，叫山油桃(Bergnektarine)，买回来晒给老公说""你看，不知道什么时候山桃跟油桃有了一腿，混血孩子都这么大了?""  ",,无,无,无,2013-07-05 13:45,微博 weibo.com,0,1,10
zEseI4gg8,一个智慧女人，不会留在一段委屈求全的关系里，即使再爱，也不留恋，因为，只有自己舒展了，才能令男人舒展。委曲求全的女人往往会极大伤害男人的自尊和身心，损害男人的名声和荣誉，女人越委屈越辛苦，越给男人脸上抹黑; 越舒展越无忧，越给男人头上增光。所以，要么爱，要么滚，决不令任何男人难堪!  ,,无,无,无,2013-07-04 19:06,微博 weibo.com,17,31,11
zEr9K6XbU,为什么女人应先把自己弄爽了，才能让男人爽? 这是因为，在性爱中，女人只有先达到高潮，再给男人高潮，才符合女人有满足感，男人有成就感，双双享受到快乐。这程序反过来，女人不先照顾好自己，却急慌慌让男人到高潮，我问问你，接下来你咋办? 女人没满足感，男人就没成就感，俩人都不爽，没怨言才怪?!  ,,无,无,无,2013-07-04 16:21,微博 weibo.com,7,51,10
zEigemkox,"网友问: 为什么坏女人吃香，好女人吃苦? 答: 俩人到你家做客，你问她俩想吃啥，坏女人不客气，直接说想吃面; 好女人懂事，客套说随便。等你端上面来，坏女人兴高采烈说""好吃好吃，你好手艺""; 好女人却愁眉苦脸说""我不爱吃面""，然后撸胳膊挽袖子""我来替你做米饭吧。"" 吃香和吃苦都是自找的呀!  ",,无,无,无,2013-07-03 17:43,微博 weibo.com,30,309,26
zEhTHjjPw,@微博小秘书 女人爱男人，不是要女人对男人好，而是: 1，对自己好---让自己美美的，让他对你蠢蠢欲动; 2，懂他的好---男人渴望女人欣赏，远远大于照顾他。所以你要做的只是照顾好自己，然后欣赏他! 这样他才会因妻子美丽而自豪，因妻子欣赏而自信，俩好合一好，好合百年!  ,,无,无,无,2013-07-03 16:47,专业版微博,51,312,26
zEhDpAUaX,@微博小秘书 我发现我现在只有通过小秘书留言板可以发布微博，那好吧，就只能委屈小秘书留言板了，每次都拉你陪练。  ,,无,无,无,2013-07-03 16:07,专业版微博,4,1,6
zEhAi5e5l,@微博小秘书 我的微博不能发评论不能看评论不能读私信不能发微博，恳请小秘书处理。  ,,无,无,无,2013-07-03 15:59,专业版微博,3,0,8
zEa8b7FAz,男人没女人想得那么自私，恰恰相反，当一个男人爱上一个女人时，会想方设法上窜下跳耍尽活宝，你要做的只是高声大叫告诉世界他最棒; 而不是女人想方设法上窜下跳耍尽活宝，然后让他高声大叫告诉世界你最累! 爱一个人，就给他他最需要的，人家想吃鱼，你非费力去砍熊掌，累死不是自找的吗?  ,,无,无,无,2013-07-02 21:01,微博 weibo.com,15,19,9
zE8zkpMzR,女网友问:如何看待男人为女人花钱这事儿? 答: 不管你赚钱是否比对方多，假如你爱一个男人，就享受他为你花钱; 假如你不爱一个男人，就采取AA制!  ,,无,无,无,2013-07-02 17:02,微博 weibo.com,16,35,26
zE8tqigj7,"读一篇文章""婚姻是责任""，满篇严肃认真语重心长，通过自己这20年的婚姻之路任重道远苦尽甘来，说服读者守护好婚姻这座城池。我却越读越想砸烂他们家那座围城，看他活得那个累，还有脸教别人? 于是问老公""你觉得婚姻是责任吗?"" 他不假思索""当然是责任，每个人都要承担制造快乐的责任。""   ",,无,无,无,2013-07-02 16:48,微博 weibo.com,15,77,3
zDZOXqzOc,"很多年前有一次，我们买了树苗打算在院子里种树，他说种这里，我说种那里，俩人稍有争执，最后妥协，一起挖坑浇水，忙了一下午。转年开春发现树死了，俩人又开始挖坑添土，忙了一下午。我说""你看，咱俩白忙了一顿，啥都没收获。"" 老公说""怎么会是白忙呢，咱俩收获了两个美好的下午呀。""  ",,无,无,无,2013-07-01 18:46,微博 weibo.com,15,5,9
zDYWMhg44,"两个孩子为争一个玩具吵架，老公劝架:""吵架解决不了问题，你看我和妈妈就从来不吵架，我们喜欢什么东西，要么一起玩，要么轮流玩，用不着吵架呀。"" 大女儿哭腔哭调控诉:""我们本来定好了轮流玩的，一人玩两次，上星期她玩了两次，这星期我才玩一次，她就说轮到她了!"" 不是脾性不好，而记性不好啊。  ",,无,无,无,2013-07-01 16:32,微博 weibo.com,3,4,8
zDYNhD96A,"老公有一门重要结业考试得知通过，迫不及待给我打电话，我也替他很高兴，一边祝贺他一边问他""晚上你想用什么庆祝，Sekt oder Sex(香槟或性，因德语发音特别接近，听起来朗朗上口)?"" 他一听就心花怒放，说""Sekt加Sex!"" 人生得意须尽性，莫使今宵空对月。  ",,无,无,无,2013-07-01 16:09,微博 weibo.com,7,2,3
zDYAeAoK1,"看电影New York I love you，里面有个情节，俩耄耋夫妻，在海边散步，老太太嫌老头走路拖沓，说""抬起你的脚。"" 老头不服气: ""我抬起来了!"" 俩人来回抬杠。我跟老公说""早晚有一天我会这样说..."" 接着我像没牙老太太那样瘪着嘴: ""抬起你的Penis! 你会说`我抬起来了!`"" 哈哈哈，把他给乐的。  ",,无,无,无,2013-07-01 15:37,微博 weibo.com,6,3,5
zDIBlqdbd,"网友给我写来一个例子，听孩子怎么看待那些自以为是的家长: ""朋友离婚不离家，两人偶尔在一起。前夫经常换一相对固定搭档，女方没结婚，说是为孩子。孩子大了，自己跟妈妈说，看着你们活得真累，并对爱情一点都不向往。""----别一天到晚把为了孩子挂在嘴上了，真为孩子好，先把自己折腾幸福吧!  ",,无,无,无,2013-06-29 22:56,微博 weibo.com,10,7,6
zDHbhDmD5,网友问: 毛毛姐，您也经历过小三，实在不懂为什么你对小三总是网开一面颇多同情，却对大奶极尽挑剔和鞭挞? 答: 那是因为我今天的一切，聪明活泼的女儿和体贴浪漫的丈夫，异国求学经历和他乡生活享受等等，丰富多样的人生阅历，全都拜托当年的小三啊。小三是大奶的贵人，全看你识不识相呀。  ,,无,无,无,2013-06-29 19:19,微博 weibo.com,17,14,14
zDGKDg2Ns,网友问: 如果你守着各方面条件都不如你，还管东管西的老公，你会如何做？离婚除外？答: 你说老公各方面都不如你，但我觉得他有一方面比你强，就是管制了一个各方面条件都比自己好的老婆，管东管西，她都不肯离婚。这本事你未必有，不信，你反过来管制一下老公，看他跑得有多快!  ,,无,无,无,2013-06-29 18:13,微博 weibo.com,6,12,6
zDx36zGLa,网友问: 你是不是觉得中国男人的不够大所以才找了个德国佬? 答: 男人的家伙就像女人的胸，大小无所谓，关键是够挺，我的意思是关键是有奶。其实，男人的手指和舌头就能让女人上天堂，只要他肯干! 问题不是家伙大小，而是观念新旧，中国男人要求妻子具有保姆功能圣母情怀，唯独不正视妻子的情欲。  ,,无,无,无,2013-06-28 17:31,微博 weibo.com,19,20,11
zDwRYBT5f,"德语里几个说法: 每个人都有自己的频率，找到同一频率的人，就不会有噪音; 化学反应对头，一切都对头; 每个锅都能找到合适的锅盖儿。用物理化学锅碗瓢盆生动形象，解释了中国的""缘分""俩字。缘分对了，每个人都能找到自己解药; 缘分错了，怎么折腾都像盖不严实的锅一样，令人泄气。  ",,无,无,无,2013-06-28 17:04,微博 weibo.com,14,15,6
zDwhmEyDa,写了一大顿，就是希望告诫那些找离婚人士，尤其是找离异男的没有经验的女孩子们，没有金刚钻别揽瓷器活，你首先要搞明白他离婚的根本原因(注意是根本，不是表面原因)，再对照自己是否有解药! 举个更显而易见的小例子，如果对方因吸烟而离婚，你就要想想自己是否不讨厌烟味，而不要梦想能让对方戒烟!  ,,无,无,无,2013-06-28 15:34,微博 weibo.com,16,4,6
zDw5Adrfa,当初老公向我求婚，我决定同意前，曾非常深入分析过我上次关系失败的原因，我承担的责任是，脾气暴躁喜怒无常，摔桌子打板凳，暴跳如雷破口大骂...当时我认为这是自己性格缺陷，所以提前跟他交待，早做定夺，分手趁早，以免将来后悔。结果老公说，我那是缺乏性爱，并非本性如此。  ,,无,无,无,2013-06-28 15:04,微博 weibo.com,12,16,13
zDvV3r50y,网友问: 请问毛毛姐，像那种因为女人出轨而离婚的男人（男人各方面都比女人强，据说之前是一时鬼迷心窍），是不是在下一段感情中会更有控制欲嫉妒心更强？这是否是一种难以痊愈的心理创伤？  ,,无,无,无,2013-06-28 14:39,微博 weibo.com,1,14,0
zDntD2nWz,网友说: 婚姻不等同于恋爱，主要是因婚姻包含了太多的关系要处理。恋爱只要处理男女关系，婚姻要处理亲子关系，婆媳关系，亲家关系，这些关系没处理好，天天被这些琐事累着，哪有心思男盗女娼啊？另一网友答: 如果夫妻都没心思男盗女娼了，还围着彼此的七大姑八大姨转什么转啊?  ,,无,无,无,2013-06-27 17:09,微博 weibo.com,3,7,2
zDmIdurqQ,很多网友让我多传授些婚内爱情保鲜的技巧，其实我和老公也没什么技巧，就是坚持谈恋爱，恋爱时怎么胡闹，婚后本色依然。婚姻与恋爱唯一不同的地方在于，谈恋爱时你们没有固定地方男盗女娼，结婚后你们有了固定地方男盗女娼。不管是租的还是买的，总之有个窝，供你们男盗女娼，只用来吃喝拉撒多浪费啊!  ,,无,无,无,2013-06-27 15:12,微博 weibo.com,11,31,3
zDfcj4OzZ,网友说: 女人遇上男人出轨，就应多给他戴几顶绿帽子，只不过我们很低调从不炫耀，他们变成树还以为自己占便宜。答: 据统计深圳女性出轨高于40%，很多男人为偷情找借口，赖老婆没性欲，令我担心中国性冷人数高于医学平均水平，现在看到女性出轨率这么高，我总算放心了，原来中国女人也不冷嘛。  ,,无,无,无,2013-06-26 20:04,微博 weibo.com,16,6,12
zDecO257S,我的心得体会，女孩子嘛，一定要尽早为自己外貌定位，找出优缺点，以次为出发点，决定穿衣着装甚至兴趣爱好的走向。比如，我小时候其实不是个热爱体育运动的女孩子，但长大后发现和人约会时，一起游泳打网球，更能体现自己的美，明显好过一起喝茶下象棋，于是改弦易辙，热爱体育运动了。  ,,无,无,无,2013-06-26 17:33,微博 weibo.com,19,25,8
zDe7wk5i5,很多女网友来信因外表不自信找理由，认为自己不漂亮，所以...，我想说，没几个人含着金钥匙出生，人家天生丽质的都难自弃，咱这天生不丽质的就更不能自暴自弃了，一定要想方设法夸大优点，掩盖缺点，谦虚使人进步这话，在折腾外表上，可是不管用呀。  ,,无,无,无,2013-06-26 17:20,微博 weibo.com,15,10,7
zDdSe7FWp,刚进入德国大学时，如何学专业还没搞懂，我先搞通了如何炼肌肉，第一学期就跑到大学健身房开练器械，一可健身，二可开荤，满眼货真价实四肢发达语言不通的肌肉男，挥汗如雨，激素四溅，整个健身房，荷尔蒙粘稠得令人喘不过气，让人头重脚轻。  ,,无,无,无,2013-06-26 16:42,微博 weibo.com,2,2,9
zDdGoosJE,"德语有个谚语，叫""出门开胃，回家吃饭""，是说在外面看到美女帅哥，情有所动，没关系，回家找老婆老公来去火。有次在莱比锡动物园黑猩猩馆，偶遇一帅哥，阳光明媚高大英俊，当时就把我看呆了，不错眼珠目送人走远，我老公说""要不要找个地方我给你灭灭火? 反正这里是黑猩猩馆，叫声再大也不会引起注意。""  ",,无,无,无,2013-06-26 16:13,微博 weibo.com,11,8,18
zD5CpuqTB,网友问: 某中年男，外遇不断。新婚时女方高于他，还嫌他不上进，婚后n年，发展不同步，男平步青云，女原地踏步，因此老婆很满意，经常跟人说婚姻就像抓阄，自己运气好，一抓就中了大奖。虽老公出轨，但她被蒙在鼓里不知情，夫妻关系即使不和谐，闹也闹不到点子上，从女人角度，他老婆算成功和幸福的吗?  ,,无,无,无,2013-06-25 19:41,微博 weibo.com,2,31,22
zD5smBSH8,人人都有当嫩鸟的时候，我第一次结婚嫁的就是一个懂得哪些女人有哪些利用价值的精明商人，把老婆当做生儿育女孝敬公婆的亲人，在外面寻找风情万种年轻貌美的情人，既能享受家庭稳固，又能不断更换情人，春风得意马蹄疾，一生看尽女人花! 没承想倒让我练出一眼看穿男人心的本领，扬(洋)鞭得意马蹄疾了。  ,,无,无,无,2013-06-25 19:16,微博 weibo.com,6,9,8
zD5eFEOKL,现在这年代，一上来就幸福的人没有，男女都是在互相磨练中成长的，别人看我现在挺幸福，实际上，那之前经历的男人海了去了，如果没有那些炮灰，我不可能对男人对家庭对婚姻对性爱这么有把握。人生经验，都是我年轻时枪林弹雨里拼出来的，不是躲在爱情象牙塔里琢磨出来的。  ,,无,无,无,2013-06-25 18:43,微博 weibo.com,21,16,19
zD4F0chx3,"我老公当初就跟我说过一句话，""看不惯你的人，都是不懂你不爱你的人，讨好他们而委屈自己，就像把珍珠扔进猪圈，你以为会讨好猪，结果还是被他们践踏，不如让那帮猪对着你叫吧。"" 我现在渐渐品出来，懂你或爱你的人，你根本不用去讨好，只要做自己，他们就接受你。  ",,无,无,无,2013-06-25 17:15,微博 weibo.com,31,49,7
zCWGO2Tno,丈夫对妻子的态度会影响妻子容貌及性格，这一点，没人比我更深有体会了。我第一次婚姻，从前夫嘴里听到最多的是:能干，贤惠，孝顺，虽然年纪轻轻，却越活越像中年妇女; 第二次婚姻，从老公嘴里听到最多的是:性感，聪明，幽默，虽然一把岁数，却越活越像青春少女，比啥化妆品都高效。  ,,无,无,无,2013-06-24 20:57,微博 weibo.com,27,40,18
zCWvUeRRe,网友问: 毛毛姐对于有孩子了就把生活重心转移到孩子身上这个问题怎么看？这里有两种情况，主动转移和被动转移，被动转移是指孩子事情特别多，劳心劳力，不得已慢慢生活被照顾孩子琐事包围，我想请教如何避免被动转移。谢谢毛毛姐。  ,,无,无,无,2013-06-24 20:30,微博 weibo.com,0,6,1
zCUXvBE7l,网友问: 如何避免婚恋疲惫期? 答: 很简单，就是永远不要忘记自己和对方的性别差异及需求，夫妻在一起时，第一是男女关系，其次是孩子爹妈。婚内没有男女关系，婚外就容易惹出男女关系。孩子跟着受罪，小三跟着垫背，归根结底，是你们夫妻俩男女关系不到位，却拿孩子做挡箭牌，拿小三做出气筒!  ,,无,无,无,2013-06-24 16:33,微博 weibo.com,9,24,13
zCTPaaZok,"我跟老公说:""我要保持身材，争取在女儿18岁时能跟她们穿同一个号码的服装..."" 话音未落，就见老公伏在地毯上开做俯卧撑，我说:""又没让你保持身材，你锻炼什么?"" 他说:""我得提供足够床上运动啊(Matratzesport)，不然你上哪保持身材去?""  ",,无,无,无,2013-06-24 13:40,微博 weibo.com,14,2,13
zCDRenPP4,我是个极端爱美的女人，从小被人嘲笑长得丑，变美成了我的终生大业。只不过，其她女人专注于对化妆品的选择，而我，更专注于对男人的选择，我这一生，留在谁身边，考虑的从来都是能否让自己变美，不是奉献牺牲情怀。坏的婚姻就像劣质化妆品，会败坏女人容颜，嫁错人等于化错妆，宁可素颜，别化错妆。  ,,无,无,无,2013-06-22 21:01,微博 weibo.com,50,61,22
zCCZpFBth,我有个好朋友，生了个儿子，在婆家身价水涨船高，过了没几年，两口子闹离婚，带着男孩再嫁，身价水落船低。她自嘲，早知如此，当年还不如生个女孩更好呢。这女人的身价呀，好像跟自身没多大关系，有关系的只是，处女膜，年龄，婚史，包括孩子的性别，都比你本人更重要似的。  ,,无,无,无,2013-06-22 18:48,微博 weibo.com,11,40,55
zCCEt2juy,网友问: 无意中看到老公和前女友出轨的聊天纪录，因两个孩子，一直没说，以你过来人身份看，怎么破？答: 据我估计前女友也不小了，肯定已结婚生子，见面出轨只是怀旧而已，不必当真。当真的是你们的夫妻关系，是否有什么不可调和的矛盾或交流上的障碍或进入婚恋疲劳期? 找准原因再对症下药，才是上策。  ,,无,无,无,2013-06-22 17:57,微博 weibo.com,6,12,5
zCCqbbcOR,分享自李银河  《黄色与绿色》 -    http://t.cn/zHrCUxi  我喜欢欧洲的原因很简单，通过照片我感觉，在绿树成荫的地方照相，我的皮肤显白; 在黄土飞尘的地方照相，我的皮肤显暗。我这人做什么选择都特简单，就是考虑自己是否更美，包括选择丈夫。  ,,无,无,无,2013-06-22 17:21,新浪博客,4,7,7
zCBAexx0k,我小时候巨瘦无比，尤其两条腿，又细又长，每次买裤子都成问题，够长的太肥，够瘦的太短，搞得我很自卑。有一次，某个熟人的熟人的熟人从美国回来，带回一条裤子，裤腿又瘦又长，死活没人能穿，辗转反侧到了我们家，刚好我能穿进这件在当年叫奇装异服的裤子，从那之后我就不自卑了，改为崇洋媚外了。  ,,无,无,无,2013-06-22 15:13,微博 weibo.com,6,15,14
zCuKjpFUv,婚姻的目的只不过是互相挠痒痒而已，男女只要找到那个挠对地方的人，做什么都心甘情愿，不觉委屈。凡是让人感到委屈的婚姻，都是因互相没挠对地方而双双不甘心的结果，此时有三条路可走: 1，自己想办法挠; 2，换人给你挠; 3，一辈子埋怨唠叨。绝大多数人选择走了第三条路，活活把婚姻的名声搞臭了。  ,,无,无,无,2013-06-21 21:49,微博 weibo.com,8,12,8
zCd2EmumP,东西方男人在考虑夫妻关系时有截然相反的两套逻辑，东方男人清楚女人嫁给自己后就在其他男人那里贬值了，这使得他们有种潜意识优越感(注意我说的是潜意识，不是有意识)。而西方男人恰恰相反，没有女人离婚掉价的世俗观念，这使得他们有种潜意识危机感，因此婚后仍保持着与其他男人竞争追求妻子的动力。  ,,无,无,无,2013-06-20 00:45,微博 weibo.com,12,22,14
zCaTvv3HL,我老公说，女人离婚等于放虎归山，为了增加后来征服者的难度，他要在婚内耍尽百宝，我若跟他离婚，再找到爱我的男人不难，难的是找到我爱的男人。我一听，恍然大悟，发现西方男人就是阴险，哪里像我前夫那么善良，不在婚内玩浪漫，好让我在婚外尽情爽，离婚后还能尽快找到幸福啊，呵呵。  ,,无,无,无,2013-06-19 19:17,微博 weibo.com,18,10,4
zC9DcxyK1,"跟老公敲边鼓""你们男人中年危机时最不安分，你要是胡闹，最好先想好了后果再行动..."" 我老公打断我说""我刚认识你时，你德语不好，不会开车，什么都不懂，这么多年过去，你早已不是当初那个你。背叛你就等于背叛我这么多年的心血，现在是我享受成果的时候，我才不会那么傻，白白让给其他男人呢。""  ",,无,无,无,2013-06-19 16:04,微博 weibo.com,22,12,19
zC1JkFQBn,网友问: 穷男一定就是凤凰男么? 答: 女人无法理解男人有钱就变坏，是因为，女人几乎无法体验到容貌大翻身之后要面临的环境考验。想象下，你的容貌一夜之间暴美，堪比范冰冰，赛过李冰冰，突然之间门可罗雀的你被各式各样高富帅追捧，被各式各样甜言蜜语打蒙，请扪心自问，你推牌重来的几率有多大?  ,,无,无,无,2013-06-18 19:57,微博 weibo.com,19,22,21
zBSFzCFlp,我发现女生年轻时不好看，只要有坚强的心理素质，中年时都不难看。因貌丑女生不受待见，受什么委屈都不往脸上摆(摆了又不会有人怜香惜玉，何必浪费那表情)，锻炼出很好的强颜欢笑的人生态度，不知不觉长出一副笑脸来。而美女则不同，肆意发泄喜怒哀乐，给人脸色看，稍不留神，中年就变苦瓜脸了。  ,,无,无,无,2013-06-17 20:53,微博 weibo.com,19,21,21
zBBj3EN60,我，一个普通女人，为了坚持男女平等的原则，吃尽了苦头，尝尽了失败，受尽了打击，但，我，敢于千山万水踏破铁鞋冒着人老珠黄的风险围着地球打转，也不愿苟延残喘在一段关系里纠结。比起那些有处女情结却禁不住诱惑，身陷非处女的温柔乡又愁肠百结的男人，我身体虽然千疮百孔，但精神要高贵一万倍!  ,,无,无,无,2013-06-16 00:41,微博 weibo.com,36,18,96
zBBd0o3cT,那些有处女情结的男人，和我这个没半分羞耻心的女人，我们都是平等的，没有谁比谁高尚，也没有谁比谁恶劣，只是，请那些有处女情结的男人，能够像我一样有毅力有决心，破除万难坚持到底，为自己的原则付出代价，宁死不从!!!! 稍微一被非处女诱惑就从了，然后又在心里不爽，这种男人，真没半分羞耻心。  ,,无,无,无,2013-06-16 00:26,微博 weibo.com,19,2,14
zBB9Qc21Q,男网友来信，与女友很相爱但因处女情结无法释怀，希望我骂醒他。答: 处女情结不是错，不必挨骂。只是你要有毅力有决心，破除万难坚持到底找到处女，万不可半途而废懊恼终生。请迅速跟她分手，你有权利找处女，她有权利找不介意她历史的男人，你们都有权利找幸福，没义务找别扭！  ,,无,无,无,2013-06-16 00:18,微博 weibo.com,37,39,19
zBAZVzDBz,男网友问: 请教林姐姐面对坚守处女阵地新婚夜才可以的女生怎么办？答: 请尊重对方，也尊重自己，去找一个同类来爱吧。鸡兔不同笼，猪鸭不同窝，你早晚会懂得，遇见那个跟你同步的人，对这一生，是多么多么重要!  ,,无,无,无,2013-06-15 23:54,微博 weibo.com,15,2,2
zBzgVaQjM,网友说: 不管东西方，男人还是喜欢在性上严谨的女人吧，难道西方男人不这样吗? 答: 西方男人非常喜欢在性上严谨的女人，女人对性严谨，才会在性爱演练中不断求证并完善自我，就像严谨的科学家在实验演算中不断求证完善成果一样。啥都不干就想结婚的女人，对性非常不严谨，所以他们非常害怕。  ,,无,无,无,2013-06-15 19:30,微博 weibo.com,8,3,19
zByQh5EwK,和吃饭顺序一样，中国人更接受先爱后性，德国人更倾向先性后爱，我年轻时更接受先爱后性，年长后更倾向先性后爱，因为，随着年龄增长，男女面对自身需求及身体反应更加坦然自如，不得不承认，前期铺垫再到位，后期肉搏不搭调，也是白激动，白浪费一顿表情和感情!  ,,无,无,无,2013-06-15 18:24,微博 weibo.com,11,6,9
zByxD6Uqx,网友问: 身为一个剩女，体内关于性的方面刚刚被唤醒，面临着急需嫁掉的处境，又很怕挑到一个不行的男人，咋办？答: 首先定位错误，不要称自己是剩女，其次，不要急着嫁掉，而应急着搞明白自己和男人。就像商品，定位错误又急着卖掉，落到不识货的人手里的几率，才会大涨。  ,,无,无,无,2013-06-15 17:38,微博 weibo.com,20,7,3
zBpksbQWZ,"那些嫁了普通男人还无性的女人，你们要反省! 人家老邓，忍了十几年，人家有盼头，你们忍了一大顿，最后落个啥? 古人说得好，""春宵一刻值千金""，一个男人，要么给女人春宵，要么给女人千金，两手一摊，啥都没有，还闷头寻找处女膜的男人，还有女人造假追着嫁，贱人啊贱人，让我怎么挽救你!  ",,无,无,无,2013-06-14 18:11,微博 weibo.com,11,14,30
zBpcgvz5J,老夫少妻最幸福最令人庆幸的，不是新婚燕尔之时，而是丈夫去世或跟丈夫离婚之际，尤其老头还是个世界顶级大腕，主动提离婚，更是可喜可贺天上掉馅饼的美事儿。泽塔琼斯集美貌名气成就于一身，却三番五次住院治抑郁症，其实，只要道格拉斯一去世，她抑郁症就不治而愈了。  ,,无,无,无,2013-06-14 17:51,微博 weibo.com,19,4,17
zBp6W9PSy,"老公学到Marketing，商品生命周期(Produktlebenszyklus)分五个阶段: 进入(Einführung),增长(Wachstum),成熟(Reife),饱和(Sättigung),衰退(Degeneration)。我给他讲解，让他跟性爱几个阶段挂钩，保证记得又快又准，他发现这绝招真管用，终于明白我是怎么把企业管理读出来的了。  ",,无,无,无,2013-06-14 17:38,微博 weibo.com,10,1,7
zBoXx9vZS,网友问: 无性婚姻如果有宝宝怎么办? 答: 有3条路可走: 1，离婚; 2，干忍; 3，偷情。这3条路有3个风险: 1，找不到下家; 2，早衰; 3，被抓。各家根据各家条件选一条最适合的路去走即可，大家就不必像钻研量子力学那样下功夫钻研婚恋问题了，在这上面人类求索了几千年，没更多新出路可走!  ,,无,无,无,2013-06-14 17:15,微博 weibo.com,6,13,8
zBfUppekQ,"德国最大综艺节目""Wetten, dass...(中文直译叫""打赌""，据说中国也有一个类似节目，不知叫什么)""有一期请来主演""300""的明星Butler，打赌输了，在台上当场把一堆冰块倒进裤裆，台上一对名人夫妻，妻子用英语跟Butler聊天，丈夫在一旁说""你用英语也没用，他有冰镇，起不来了。"" 全场大笑。  ",,无,无,无,2013-06-13 18:12,微博 weibo.com,0,3,4
zBeV8fajn,很多女孩子误以为自己奉上处女膜男性就自然对自己好一生，那我可以以41岁的阅历转告你，大错特错! 我认识的大多数同龄女性当年都是以处女之身结婚的，结果呢? 有几个大叔念及此膜而止步偷情，倒是那些初夜便初婚的女人因年轻时缺乏各种经验历练，导致中年手足无措，面对离与不离都是场错的局面!  ,,无,无,无,2013-06-13 15:41,微博 weibo.com,12,11,38
zB5MHBtAf,一份2009年的国际调查显示，对儿童实施性侵的人，主要是孩童的家人(30%)和熟人朋友，比如家庭朋友、保姆或者邻居(60%)，陌生人仅占(10%)。临床心理学把他们诊断为一种精神障碍，即娈童癖(Pädophilie)。而针对少年(11-15岁)、青年(15-19岁)的性侵行为，分别被称为Hebephilie和Ephebophilie。  ,,无,无,无,2013-06-12 16:26,微博 weibo.com,1,22,7
zB5oF9zu9,"新买了一个吸尘器，吸完地后我很不满""怎么感觉新的还不如旧的吸力大呢?"" 老公不信，斩钉截铁说""不可能，广告上说，新的明明比旧的大30%。"" 我不服""少蒙我，我是富有经验的成熟女人，谁大谁小，我还搞不明白!"" 后经老公仔细研究，发现我把功率调到最小键了，反问""富有经验的成熟女人?""。  ",,无,无,无,2013-06-12 15:27,微博 weibo.com,1,0,2
zB5irwJA8,"网友@忧郁和痛 问: 如果一个男人只关注与女人的性欢乐，请问他把这个女人当作了什么呢? 答: 事实上，只关注处女膜的男人才只关注与女人的性欢乐呢(""见红""是一种性欢乐哦，别扭捏啦)，其他成熟男人还比较关注女性智慧的欢乐，生活的欢乐，幽默的欢乐，知识的欢乐，性格的欢乐...比如我老公。  ",,无,无,无,2013-06-12 15:11,微博 weibo.com,8,14,84
zAYmPioGy,"老公看我捧着本中文旧书在读，问""这本书你不是早就读完了吗，怎么又读?"" 我说""经典书籍常读常新，一辈子读不厌，就跟经典男人一样，一辈子睡不腻。"" 他一听，美坏了，说""你这张甜嘴(Zuckerschnute)，喝咖啡连糖都省了。""  ",,无,无,无,2013-06-11 21:33,微博 weibo.com,8,5,15
zAX3jdcty,出门不带老婆，回家不睡老婆，在西方只有loser的老婆才忍受这样的婚姻，一般受点子教育的女人，多少都有点子女权，再加上法律保障，没人教你如何斗小三，倒是有一堆律师争着为你打土豪分田地除暴安良，因此在西方，只有女loser才智斗小三呢，女winner们都跟律师有一腿，呵呵。  ,,无,无,无,2013-06-11 18:12,微博 weibo.com,9,7,9
zAWTOhki1,网友说: 人要做内心里想的那个自己才幸福，否则做任何事情都会任劳不任怨，因为你心里压根就不想这样却勉为其难~但是，做内心的那个自己又要付出一定代价... 答: 我早就发现了，女人大胆做自己，付出的代价不过是让那些鸡小胸窄的男人早日滚出你的生活而已，讨好那些人而委屈自己，才是出高价买次品!  ,,无,无,无,2013-06-11 17:49,微博 weibo.com,13,21,12
zAW4nkWfS,美国《福布斯》就有过一个统计: 上过它们富豪榜的400个美国富翁当中，离婚者的比例远低于美国平均比例，婚姻持续的长度也高于平均。美国富翁的家庭要比普通西方家庭坚固得多。在过去几十年里，越受过良好教育婚姻越稳定，给孩子提供越有利成长环境，在未来收入和婚姻方面越占优势，良性循环。  ,,无,无,无,2013-06-11 15:42,微博 weibo.com,5,9,7
zAPzoAe7B,"德国人下午有个咖啡时间，必就着甜点喝咖啡，无论男女，对我这个不爱吃甜食的人真是折磨，对着满桌花花绿绿的糕点没一点食欲，勉为其难出于礼貌不得不吃，我跟老公抱怨""你们德国那么大男人还吃甜食，真小儿科。"" 他说""饭桌上小儿科总比床上小儿科强吧，不然你怎么跟我这个小儿科过了这么多年?""  ",,无,无,无,2013-06-10 23:09,微博 weibo.com,5,4,7
zANMzcSqR,第二段婚姻我之所以幸福，是因通过离婚我终于打破了对他人误解及世俗歧视的恐惧，而专心致志做了我自己! 是的，我离婚后反而变得更加勇敢无畏大胆放肆了，我不再害怕失去形象(反正形象也已被破坏了)，不再害怕挑战世俗(反正顺服也不会得到好果子)。你对自己满意，就对婚姻满意!  ,,无,无,无,2013-06-10 18:36,微博 weibo.com,35,18,18
zANCLo7h0,"""觉醒的人不再期待一个令他满意的外在对象。""""关于婚姻问题，不要全副精力把你的箭头都指向外，在另一个人身上花百分之二百的精力，也无法建造出你想要的婚姻。""---所有婚姻问题归根到底，是自己把对自己的不满推到他人身上的结果，婚姻幸福的人不一定是觉醒的人，但觉醒的人一定会拥有幸福的婚姻。  ",,无,无,无,2013-06-10 18:12,微博 weibo.com,13,36,11
zADcx2t7a,"男人比女人更懂爱情的时效性，只爱女人当下的美丽，不介意她未来会不会更美; 而女人却更愿爱情是潜力股，无视男人当下的有趣，更介意他未来会不会发财。结果，等他发财后，外面女人一句话""你真有趣""就生生把男人勾跑了，因为他受够了一辈子被当成潜力股，也想享受下现钞的美妙坏滋味。  ",,无,无,无,2013-06-09 15:40,微博 weibo.com,27,99,22
zACCYE1su,"我这人冲动起来说话丧心病狂，昨天聊起成年人性侵儿童事件，我又犯病了""要是有人性侵我的孩子，我就揣上剪刀把他JB剪下来喂狗!"" 老公说""那么脏的东西拿来喂狗，你也太不人道了。"" ""啊?"" 他接着不紧不慢""依我看，不如直接喂给他本人吧。"" ""啊?"" 原来德国人的丧心病狂是不动声色以人道主义精神搞定的.  ",,无,无,无,2013-06-09 14:12,微博 weibo.com,17,4,11
zAx8QjHkm,网友问: 假设你老公失去了性能力，你还会像现在这样爱他吗？答: 这问题我很早以前就回答过，男人失去性能力，就像失去双手，只要他思想胸怀依然保持乐观向上的精神，我会更爱他。但假如他有性能力却不干我，就像有双手却不干活，那我不客气，坚决远离这种健康残疾人!  祥见博文 http://t.cn/zHj2YyA  ,,无,无,无,2013-06-09 00:14,新浪博客,13,4,18
zAuWcvu1z,我写出来这些不是要女同胞们都大公无私便宜了对方，而是想说，人生遇到难题，只能抓大头儿扔小头儿，大小头儿都抓的结局，注定两手空空，至于哪头儿大哪头儿小，每个人可以自定义。只要你经过一定风雨，走过一定山头，趟过一定烂泥后终于开窍，还认定你没有为了蝇头小利而错过美丽人生，就好。  ,,无,无,无,2013-06-08 18:38,微博 weibo.com,10,9,9
zAuHQd4Ks,好多网友给我写信，说婚姻虽不幸，但因经济分歧，不肯便宜男方而坚决死拖，这我就不理解了，我当年刚领完结婚证公婆就离婚了，公公遇到经济难题，我二话没说就拿出婚前积蓄(巨款哦)借给公公，后前夫闹外遇，我闹离婚，为了早日离婚，我可没精力再要回这笔钱呢，典型的要命不要钱啊。  ,,无,无,无,2013-06-08 18:02,微博 weibo.com,3,6,11
zAuEDBSFe,网友问: 当时你前夫不肯离婚，你是怎样说服他的呢? 还是诉讼解决? 会这么问是因为我也遇上同样的问题啦。答: 我当时一个人在天津无亲无故又要办出国又要学德语，没精力搞诉讼，经济上的分歧我盖不计较，要命不要钱，直拖到登机前一个月，才办理的离婚。祝你顺利走出来，一切都会好起来的!  ,,无,无,无,2013-06-08 17:54,微博 weibo.com,2,1,7
zAu3BE2Qe,"电脑需对接一个配件，家里那么多插头，居然没一个合适，老公说""电脑每个配件都需要特制的插头，真讨厌。"" 我说""哪像咱们俩，一上来就能无缝对接。"" 他说""那还不是因为我有个万能插头(Universalstecker)。"" 我说""哼，你只不过才一个万能插头，我可是有三个万能插座哦。""  ",,无,无,无,2013-06-08 16:23,微博 weibo.com,3,5,19
zAllowWVi,网友说：你打击德国二婚男有何意义哦，能够打击到国内因自己无耻低成本离婚还得瑟的二婚男才值得爽啊。----靠我一个人累死也打击不完啊，中国女人自己争风吃醋一盘散沙，从做母亲起就让男孩子登鼻子上脸，长大了能学会尊重女性嘛! 哪像德国女人抱作一团，不追捧二婚男，不容忍丈夫偷情，不娇惯男孩...  ,,无,无,无,2013-06-07 18:12,微博 weibo.com,9,20,46
zAlbN7WMT,我这人也够坏的，在国内饱尝了女人离婚就掉价的打击，来到德国后，猛然发现德国二婚男日子更不好过，感觉那叫爽啊，立马咸鱼翻身，穷人乍富，抖了起来。我知道，我这样很不好，可是，可是，死活拦不住我落井下石幸灾乐祸的小人之心啊，让我过过瘾，好好打击下二婚稻草男吧，我倒要看看谁最后变成了宝!  ,,无,无,无,2013-06-07 17:49,微博 weibo.com,6,2,21
zAl43x1vF,"我很幸运，刚来德国没多久，就有个学社会学的师姐根据她们社研调查结果谆谆告诫我们""千万别碰德国二婚男，不但经济缩水，而且不易再婚，又臭又硬，跟中国二婚男香饽饽的待遇截然不同。"" 听人劝吃饱饭，经我多年潜心观察，得出同样的结论----关爱青春，远离德国二婚男。  ",,无,无,无,2013-06-07 17:30,微博 weibo.com,8,2,5
zAkW12pRM,德国人不爱结婚，尤其离异男更不愿再婚。纵观嫁给德国人的中国同学，不管女方在国内离婚与否带孩与否，嫁的都是德国初婚男，那些与德国离异男谈恋爱的中国女孩，最终反而黯然分手，因为在德国，离过婚的男人，都被法院律师前妻狠狠扒了一层皮，谈婚色变，再也不敢结了，呵呵。  ,,无,无,无,2013-06-07 17:10,微博 weibo.com,6,9,27
zAk8VawVM,我的做人原则就是从头到尾贯彻到底，我的婚恋观从年少时定型一直到现在从未改变过，就是追求美好的性爱，谁拦着我，我就踹跑谁，对为此付出的代价毫无怨言! 做人要有担当，不能半截变卦，变卦就要付出代价!----这是我面对第一次婚姻失败总结的宝贵经验，要么你不变挂，要么你付出代价，人生没有折中!  ,,无,无,无,2013-06-07 15:09,微博 weibo.com,7,4,14
zAk5IAsd8,我爸妈邻居的女孩是个传统乖乖女，婚后初夜才发现男方性能力低下，后离婚。我妈总觉得女孩可怜，我却觉得做人要有担当，不能半截变卦，变卦就要付出代价，离婚只是她为变卦付出的相应代价而已，没啥好可怜! 你不能在婚前扭扭捏捏坚持传统，婚后却突然轰轰烈烈追求性爱，这个，转弯太快，是自找的活该!  ,,无,无,无,2013-06-07 15:01,微博 weibo.com,3,5,22
zAk1G24Mt,一个网友，彼此都是第一次，婚后每次都是她主动，老公一点前戏都没有，她很苦恼！请问怎么才能唤醒老公的激情？答: 做人要有担当，不要半截变卦! 变卦就要付出代价，既想改变初衷，又不付出代价，除了徒增烦恼，啥都解决不了。请问，婚前你追求的是什么，彩礼和大房子? 烦请就别在婚后追求前戏!  ,,无,无,无,2013-06-07 14:51,微博 weibo.com,5,2,4
zAeuV8b8d,我家住在山坡上，地址就叫什么什么山10号，最近德国各地发大水，我家住房暂不受影响。但邻居家养了一匹小矮马，平时委托寄住的马房地势低，恐受水淹，只能暂时领回来，令孩子们有的玩了，天天一放学就奔回来骑马喂马洗马，越来越像农村人。  ,,无,无,无,2013-06-07 00:47,微博 weibo.com,5,1,11
zAeqkxzZM,老公看我认识的中国人此起彼伏闹婚外恋，最后大部分还相安无事，感觉特不可思议，觉得中国男人胆子太大了，让他这个德国人自愧不如。因为在德国，丈夫因外遇惹急了妻子，从经济到名誉，后果不堪设想，下场绝对悲惨。假如他不再爱我，宁可主动提离婚，不敢随便找外遇，会吃不了兜着走的。  ,,无,无,无,2013-06-07 00:35,微博 weibo.com,1,5,14
zAaLdcogL,我原来在国内时就比较异类，认为彩礼跟处女膜这东西土得掉渣，一并废弃，所以当年结婚既不要彩礼也不要房子，更不提供处女膜。在我的婚姻观里，性爱摆中央，金钱放两边，我觉得钱这东西嘛，自己也能挣，但性这东西，自己搞和跟爱人搞，效果大不同。现在看来我还是比较超前跟国际接轨的，呵呵。  ,,无,无,无,2013-06-06 15:16,微博 weibo.com,5,11,13
zzTqkhtya,不得不公正评价下网友，遇到意见不同时，男网友比女网友更客观，更就事论事，不像女网友那样人身攻击，对我的发型胳膊出身皮肤一通谩骂，骂完之后关闭评论，让我无法回复，而男网友到目前为止还没人拉黑过我，可见我还是深受男士欢迎的，即使他不同意我的观点，也愿听我回话。@挪威的森林村上  ,,无,无,无,2013-06-04 19:08,微博 weibo.com,7,4,56
zzTeIamwG,"网友@挪威的森林村上 嘲笑我: ""告诉你为啥我一看就知道你出身吧，你胳膊这么长就是干农活的特征。"" 那请问我腿长是干啥的特征呢? 我在博客里多次提过我出身农村，从未隐瞒，用不着你这个挪威农村人如此嘲笑我吧，呵呵。既然你说看不上欧洲，干吗起个洋名瞎得瑟，搞得我误以为你是生活在挪威的老乡呢。  ",,无,无,无,2013-06-04 18:39,微博 weibo.com,6,1,32
zzRJMCPaw,"中国古代十五六岁便男大当婚女大当嫁，这说明人类有史以来，不分东西，十五六岁就是有性需求的年龄，所以聪明的中国古人为了避免家羞才为儿女择日而""日""的。但现代社会随着工业进程，人要学的东西越来越多，十五六岁无法立足，也就无法成家，人的性欲与生存无法统一，男女要么一起解放，要么一起等待!  ",,无,无,无,2013-06-04 14:50,微博 weibo.com,3,3,8
zzL7kgLfe,"按专家娃娃的理论，对性要求高的女人不值钱，她这套理论也就在国内吃吃香，搬到国外来首先就被西方男人砸烂了，你都没要求，我忙活个什么劲儿呀? 男人的性能力是靠女人鉴定的，按她的理论，她对性要求低---所以亲子确定高，配偶价值高，接下来按西方逻辑推理---因此她老公性能力差, 亲子确定低，Over.  ",,无,无,无,2013-06-03 21:59,微博 weibo.com,15,4,63
zzKTPqkOv,男人要么有腰肌，要么有腰包; 要么有胸襟，要么有胸肌，啥都没有或某方面奇小无比的男人最喜欢恼羞成怒把自卑情绪转嫁给女人。前脚闹完婚外情，后脚却怨世风日下处女太少。跟某些政府异曲同工，前脚转移老婆孩子资金出国，后脚却骂国外敌对势力干涉内政，明明自己不够硬，却装得比谁都伟光正。  ,,无,无,无,2013-06-03 21:26,微博 weibo.com,28,12,10
zzKHq0NBr,很多男网友对西方男人追捧有经验的熟女感到不可理喻，其实大家看看西方政府就懂了，他们不怕放开民众言-论-结-社-自-由，喜欢见多识广的民众和女人，因为，这样才有参与感嘛。  ,,无,无,无,2013-06-03 20:55,微博 weibo.com,6,6,21
zzuakmWVP,我认识的熟人也好，不认识的网友也好，跟我讲他们的艳史时，只要我追问，你在婚外这么折腾，你老婆怎么解决性欲，他们都齐声声跟我说，老婆早没性欲了。针对目前婚外恋如此流行的盛况，我不得不想，是否这帮妻子在床上太过隐忍和压抑，令男人感受不到热情，误以为妻子没性欲，只好出门解决去了呢?  ,,无,无,无,2013-06-02 02:49,微博 weibo.com,6,17,28
zztTLwJhS,"德国电视台制作各国性爱差异节目，在日本采访日本男子，问他们为什么日本身为发达国家性爱频率如此之低(48次/年)，日本男人不屑一顾，说:""我们的性爱都在婚外解决，不在家里解决。"" 德国主持人傻乎乎追问""那您妻子怎么解决?"" 把日本男人问一愣，这就是东西方思维差异，东方男人在想，妻子还有性需求吗?  ",,无,无,无,2013-06-02 02:09,微博 weibo.com,6,6,43
zzrMj0phu,网友问: 想请教毛毛姐，如果我和恋人都是“求仁得仁”，彼此精神共鸣心心相印，但婆婆却以女生无法像她那样照顾她儿子以及女生不好控制为由坚决反对，这是否是逼迫子女追求亲情而非爱情呢？长辈的意愿会强加于子女。  ,,无,无,无,2013-06-01 20:45,微博 weibo.com,0,15,22
zzqUOmjZZ,网友问: 没有女人想追求爱情亲情化，也没有男人愿意追求爱情亲情化，怎么结果却亲情化了呢? 答: 那是因为男女都不尊重配偶作为异性存在的价值，很多老夫老妻都倾向认为自己的妻子(丈夫)不再有性意识性需求，身为丈夫(妻子)不再给予对方针对异性的仰慕追求或称赞，只作为孩子他爸(妈)看待。  ,,无,无,无,2013-06-01 18:33,微博 weibo.com,8,7,34
zzqBFoGku,"网友问: 请毛毛姐具体传授下到底如何保持婚内爱情的。答: 很简单，就四个字""求仁得仁""。婚姻观从一开始就会注定婚姻走向，双方都追求亲情或双方都追求爱情，才有可能达到和谐统一的境界，怕就怕，一方追求亲情，一方追求爱情。所以，先明确你的婚姻观，再找到一个异性同类，二人一定会""求仁得仁""的。  ",,无,无,无,2013-06-01 17:46,微博 weibo.com,7,11,7
zzquNA6pm,网友问: 中美俩追求者，中国男友物质优越感觉压抑，美国男友物质不高感觉很爽，咋办? 答: 我记得以前回答过另一个网友类似问题，遇到这种两难时，我感觉俩人都不够可爱，才让你犯难，你既可将就二选一，即一抛一泡; 也可合二为一，即全泡; 更可弃旧从新，即全抛。路，除了这三条，好像也没别的可选了。  ,,无,无,无,2013-06-01 17:29,微博 weibo.com,3,5,18
zzqkikuZy,"今天早晨俩孩子一醒来就奔向楼下，爸爸昨晚准备的儿童节礼物堆满一桌，一眼看到一支玫瑰配一张卡片，上写""送给我的女孩""，她们问""妈妈，为什么每个儿童节你都跟着收礼物? 你又不是小孩儿。"" 我说""在你们眼里我不是小孩儿，在爸爸眼里我还是女孩子呀。"" 她们俩看看我蓬头垢面的德性，表示难以置信。  ",,无,无,无,2013-06-01 17:03,微博 weibo.com,10,7,19
zzjc8DfGn,网友问: 你对中国男人怎么看? 答: 亲人啊，心静如水亲切温暖波澜不惊的亲人感觉，这不是中国人最向往的高级男女境界嘛，灌多了中文婚恋鸡汤，你们终于把我灌出亲人的感觉了，呵呵。对西方男人，我会心潮澎湃小腹发热小腿转筋，没办法呀，人家最讲究的高级男女境界就是调情嘛。  ,,无,无,无,2013-05-31 22:54,微博 weibo.com,6,50,8
zziCoaqH4,"""女人离婚像稻草，男人离婚是块宝""。在第一次婚姻里，上给老人搓背，下给孩子补课，外开公司赚钱，内洗衣服做饭，绝对的好媳妇样板戏，所以前夫虽有外遇，却死活不肯离婚，声泪俱下说怕跟我离婚后我变成稻草对不起我，我也怕离婚后变成稻草对不起自己，于是决定出国，一举两得，双双对得起良心  ",,无,无,无,2013-05-31 21:26,微博 weibo.com,13,16,29
zziovDVjH,网友问: 请问毛毛姐，为什么你一决定离婚就决定了出国? 答: 女人么，立场不坚定，特易走投无路铤而走险崇洋媚外，咳，说白了吧，那些大龄，离异，带孩等等在国内掉价缩水大甩卖的剩女，前仆后继飘洋过海的目的，既不是追求民主，也不是解放人类，不过是到西方取精罢了，还能有什么不可告人的目的?  ,,无,无,无,2013-05-31 20:51,微博 weibo.com,12,6,26
zzaEZ46bY,女人选择一个品质差品德坏品行品性皆不佳的男人谈情说爱，可以，但若为其生儿育女，是极度自私毫无母性的退化行径! 真正的伟大的宏观的母爱，是在孩子出生前就已为其着想，让自己成熟强大并找到成熟强大的男性再生殖，否则宁可不生育，也决不稀里糊涂延续恶性基因，地球不缺渣男，缺的是良人!  ,,无,无,无,2013-05-31 01:10,微博 weibo.com,45,33,21
zzatW6Dgn,我对那种爱情不成就不活的女人，说句大实话，极度厌恶，毫无同情(古代女子除外，古时没给女性应有生路，是唯一向那种社会挑衅的革命行径)。像这种自私自利的女人，就不应生儿育女，年轻时为自己享受爱情，不顾男人品质; 中年时为自己丧失爱情，不顾儿女死活，这叫年轻时犯贱中年时犯病!  ,,无,无,无,2013-05-31 00:43,微博 weibo.com,20,8,9
zz21Wessz,"老公虽不会中文，但在我多年浸淫下，对中文的博大精深无比膜拜，比如那句""擦枪走火""吧，中国人拿来用在性事上，他就认为简直太有神韵了，如果多日无战事，他会说""枪都生锈了，也没人给擦擦。"" 有次看电影比赛蒙上眼睛盲擦枪，当晚我也蒙上眼睛盲擦，居然没把零部件安错，无愧射手座呀。  ",,无,无,无,2013-05-30 03:12,微博 weibo.com,7,5,11
zz1VIznXU,好多网友发来信息，说最近一次民意调查德国成为最受欢迎的国家，感觉挺奇怪，平时在这里生活，觉得德国除了树多鸟多人少以外，也没啥好玩儿的，可能鸟人相对少一些，不易引起非议，大家一合计，就用屁股给它投了一票吧。  ,,无,无,无,2013-05-30 02:57,微博 weibo.com,1,0,6
zyWHej8A5,网友问: 女人在考虑一男人是否合适时得知那男人在同时考虑几个女人，这问题该怎么分析，是该觉得悲哀呢还是该认为现实就是这玩意? 答: 如是在最初阶段，可以忽略不计，关键是你要继续展现真实的一面，不要害怕被刷下去而委屈自己，假如对方长时间举棋不定，那他的优柔寡断，肯定不适合你，刷掉他好了。  ,,无,无,无,2013-05-29 13:37,微博 weibo.com,11,8,5
zyRDM6xa4,针对我提出女人不要为难女人，大奶不要报复小三的说法，网友问：若入侵者挑衅、羞辱人妻呢？现在不乏这类女性通过这个方式达到要挟纠缠男方的目的。答: 那更说明你丈夫是个什么东西，你们婚姻是个什么质量，难道你不赶紧从粪坑里跳出去，脱衣净身换人上床，却非要奋起去抢那坨大便跟你共眠吗?  ,,无,无,无,2013-05-29 00:45,微博 weibo.com,18,11,47
zyR3KbEwp,"网友@忧郁和痛 奇怪我老公怎会爱我这样一个""只知道索取不懂得付出爱的人""，答: 亲爱的忧郁和痛，我生两个孩子都没像国内一样请公婆雇保姆，全部靠我一人喂养，一边做健身操一边读德语育婴书一边给自己炖鸡汤做月子。你认为的付出是处女膜，我老公认为，脑膜比处女膜重要，所以不要我付出处女膜嘛。  ",,无,无,无,2013-05-28 23:16,微博 weibo.com,14,3,14
zyQQYfA1c,网友问: 在pub认识的男人，总是逢场作戏，咋办? 答:去蹦迪的人一定不是冲着练芭蕾去的，就算芭蕾舞演员进了迪厅也不会跟你跳芭蕾，人家想要蹦迪，你想要跳芭蕾，还怪他们不认真压腿，这不是打岔嘛。你想要什么，就得在正确的时间到正确的地点去找，否则除了失落便是失意。  ,,无,无,无,2013-05-28 22:45,微博 weibo.com,10,7,6
zyONoh3IS,"分享自木木《我不是女权主义者》- http://t.cn/zHxo8B0 女权主义也是对女性的绑架, 我只是提醒下女性，你有权力挣脱任何形式的绑架，选择任何形式的快乐。处女非处女，精英主妇，结婚离婚，女上位女下位，你不必顺着社会的意愿或男性的意愿而走，你选择A或B唯一前提，只是""我乐意""，不关别人任何事。  ",,无,无,无,2013-05-28 17:30,新浪博客,10,18,22
zyyHDg5CP,丈夫背叛婚姻，大奶二房小三争宠，不管谁上位，赢的都是男人，真正改变女性从属地位的不是教女人如何讨好，如何保住大房地位，如何击败小三，而是彻底改变这种游戏规则，变成，你若背叛，我必背叛，通过这种心理博弈取得平等地位，重新梳理男女游戏规则，彻底走出争风吃醋的奴婢性，省得孩子继承奴性.  ,,无,无,无,2013-05-27 00:32,微博 weibo.com,30,71,25
zyw7LgY6O,毫无底线退缩隐忍的女性，造就的也是毫无底线退缩隐忍的民族，因为这种毫无底线退缩隐忍的精神通过母亲传承给孩子，无法造就高贵的追求平等自由的灵魂，只会从小接受既定等级限制和男尊女卑传统，中国女人的胆小怕事造就了中国男人的卑躬屈膝，女性人若犯我，我必隐忍造就了男性人若犯我，我必磕头!  ,,无,无,无,2013-05-26 17:58,微博 weibo.com,807,552,29
zyw4T7dZh,网友说我鼓吹出轨，鼓吹婚内找情人，那好吧，我再次回答你，是的，我教唆所有中国女人，如果丈夫出轨，你就以牙还牙以眼还眼，不必挽救，不必压抑，因为，咱们中国女人用宽大情怀和痛苦眼泪从未换来尊重和爱情，只换来千年小脚和三妻四妾，请教会男人人若犯我，我必犯人，他们才不会对内强硬对外怂!  ,,无,无,无,2013-05-26 17:51,微博 weibo.com,21,17,26
zyvj52GTW,网友: 你只能在德国做个下等人! 答: 我有个熟人跟大家吹，他家孩子跟市委书记秘书的孩子在一个学校，我听了吓一跳，心说我家孩子跟市长的孩子就在一个班，不得官大一级压死人，把他给震死。中国恰恰是下等人更看重等级之分，时而沾沾自喜，时而奋起维护，明明全家被压迫吧，一张嘴还比谁都优越，呵呵。  ,,无,无,无,2013-05-26 15:54,微博 weibo.com,14,5,15
zynx00ckm,我曾对第一次婚姻寄予极大希望，总觉得我特立独行的个性能赋予婚姻不同的内容，给予丈夫不同的享受，为了打开对方思维，更懂我的思想，曾记录性爱通过艳词表达爱意，结果却像撞到棉花墙，对方即不反对也无反应，却总重复夫妻左手摸右手的亲情，面对着陷入盗版模式的婚姻，我终于投降搞外遇了!  ,,无,无,无,2013-05-25 20:06,微博 weibo.com,8,12,31
zygFUalcs,我虽然不是艺术家，但却需要激情澎湃的婚姻热情似火的爱情，我不甘爱情转化成亲情，心灵不再起波澜，肉体不再兴风浪，语言不再爆火花，思想不再激灵感，那样的婚姻我无法忍受，那样的夫妻我无法接受。我宁愿离十次婚，来享受十次激情，也不愿平平淡淡冷冷落落相守一生!  ,,无,无,无,2013-05-25 02:39,微博 weibo.com,16,23,12
zy7gCEM3x,一个女人选择为一个把她的生活弄得更坏，把她的容貌弄得更丑，把她的心情弄得更糟的人，生儿育女，是完全不符合生物进化规律的行为，因为她的后代必然面临更坏更丑更糟的境地，而这，是完全不符合母性本能的倒行逆施，假如这种行为却得到社会普遍赞扬的话，那这种社会的落后就是一种必然，而不是偶然。  ,,无,无,无,2013-05-24 02:42,微博 weibo.com,19,20,11
zy7aLvG58,很年轻时我就下定决心，坚决不为把我变伟大的男人生儿育女，只与把我变性感的男人共度一生，因为，我无意用自己的伟大衬托另一个人的猥琐，更无意去延续猥琐的基因，我从来就认为，雌性有义务挑选更优秀的基因，因为雌性天生的母性本能赋予她们的直觉，更具备筛选物种进化的能力，却没有雄性的破坏力。  ,,无,无,无,2013-05-24 02:27,微博 weibo.com,27,24,29
zy74eFhxY,我讨厌把苦情美化成高尚，把血泪幻化成伟大，把悲剧变成闹剧，把事故编成事迹的思维方式，我不知道为什么我的思维打小就与中国传统思维如此格格不入，从不认为受苦受难的母亲是值得称颂的形象，我看到的只是男权的无耻，不是母亲的伟大，除了为这样的社会悲哀，铁石心肠的我从未被打动过!  ,,无,无,无,2013-05-24 02:11,微博 weibo.com,25,23,10
zxXtBktiN,"甭管你家生的是男还是女，做父母的都要以身作则，妻子跟丈夫撒娇，丈夫跟妻子调情，好给孩子树一个榜样，男女相处之精髓，尽在你俩演绎中。省得你们培养的孩子将来男不男，女不女，不讨异性喜欢，不懂为妻(为夫)之道，就会仰着脸质问""为什么剩下的总是我""了。  ",,无,无,无,2013-05-23 01:46,微博 weibo.com,19,54,14
zxXrDzy4P,我打算给母亲这一行正名，不要一提母亲俩字，就往苦大仇深上靠，跟性感撒娇不沾边儿，科技那么发达，生活那么现代，还有啥家务能把人累得挺不直背，扭不动腰，两腿像拖着千斤重，才显得母亲伟大啊! 甭管生多少孩子，小腰照摇，小胯照摆，小胸照挺，小脸照灿烂---这，才配称现代英雄母亲的典范!  ,,无,无,无,2013-05-23 01:41,微博 weibo.com,24,52,9
zxN6cuUPY,"迄今为止我用过的各类高档化妆品，都不如我老公的免费化妆品管用，每次用后，面色红润，眼波如水，身软骨酥，肉紧肤滑，声甜音美，人仰马翻...属全方位立体美容佳品，集健身养颜，修身养性于一体。""丈夫决定妻子容颜""，愿信不信，反正我是信了。  ",,无,无,无,2013-05-21 23:21,微博 weibo.com,14,2,19
zxupP91i9,我一直鼓励婚内性和谐，劝男人不要跑出去爽，因为，你们在外面跟别人老婆爽时，你老婆也在跟别人爽，男女都不在婚内吃饱喝足玩爽，对女人并无大碍，对男人却不利，最易喜当爹! 不要梦想现在还能将女人欲望阉割，将女人天足缠小，都不是吃素长大的，谁都不比谁缺肉，玩人者恒被玩!  ,,无,无,无,2013-05-19 23:47,微博 weibo.com,15,13,5
zxsSgvVnl,对过往事件遵守的原则: 凡是不影响二人未来共同生活的事情，都可说可不说，比如痔疮被切除不影响未来，就不必有伤风雅拿出来交待; 但得过抑郁症并且将来复发性极高，就需在第一时间跟恋爱对象说明。没有隐私权，人便没尊严; 但不尊重他人未来生活，同样没尊严，所以凡是影响未来生活的真相必须交待!  ,,无,无,无,2013-05-19 19:52,微博 weibo.com,14,8,4
zxsNh9bfP,网友问:你一直强调男女相处要真实，那男女之间如何处理各自隐私呢? 答: 我的原则是，凡是不影响你们夫妻生活的个人事件，都可说可不说，比如一单生意没谈成，就可说可不说，但被公司抄鱿鱼，就必须告诉伴侣，因为这会影响你们家庭的既定收入，包括婚外情，私生子，都不属于个人隐私，必须说，不能瞒!  ,,无,无,无,2013-05-19 19:39,微博 weibo.com,9,0,0
zxo930z6W,"我无法放弃性爱，因为我在其中获得的快乐，我看到男人因我获得的快乐，反过来刺激自己获得更大的快乐，一浪接一浪，一波接一波，此起彼伏拱上云端的感觉美妙至极，我无法理解那些为了金钱为了名利而轻易放弃美好性爱的人，直到老公跟我讲""那是因为他们从未踏上过云端""，我才理解了那句话""求仁得仁""。  ",,无,无,无,2013-05-19 07:49,微博 weibo.com,8,11,34
zxo4GAes8,为什么那么多人认定婚姻就是平平淡淡过日子，不认为性爱很重要，眼里只剩下孩子，还自以为是高尚? 那是因为你Ｊ太小或Ｂ太松，根本不知道高潮什么味儿! 看一个男人Ｊ是不是太小，就看他能不能带给女人快感; 看一个女人Ｂ是不是太松，就看她还能不能感受到快感，二位可懂啦? @景仰岳武穆 @飞的鱼1233  ,,无,无,无,2013-05-19 07:39,微博 weibo.com,3,6,27
zxnYPs13O,网友嘲笑我说: 嫌男人Ｊ不够大的女人先想想自己是不是Ｂ太松了。答: 女人Ｂ松紧，不像男人Ｊ大小，一目了然，有ＣＭ数字可比，所以呢，Ｂ松还是不松，当然要靠当事男人来感受了呀，我和老公结婚１０年还没干够，无形回答了你的问题。倒是那些靠孩子维持的无性婚姻，不知是Ｊ太小还是Ｂ太松呢，呵呵。  ,,无,无,无,2013-05-19 07:24,微博 weibo.com,2,8,16
zxnS01oFC,前天是Welttag gegen Homophobie(反同性恋恐惧症世界日)．很多人对同性恋充满病态恐惧，就像恐高症或恐水症，即使知道没有危险，依然恐惧，因此定下这一天宣传同性恋无公害性．  ,,无,无,无,2013-05-19 07:07,微博 weibo.com,1,1,6
zxnPcfy7Z,"今天把孩子送到奶奶家，去逛街买了双巨高巨高的高跟鞋，巨短巨短的连衣裙，因平时很少穿高跟鞋，回家穿上后自我感觉像巨人，站在老公面前说""这么高的女人，你站着从后面操的时候连B都够不到呢。"" 我老公一听刺激得兽性大发，三下五除二就把我转过去扯掉内裤...我们发现其实穿上高跟鞋对焦更精确呢。  ",,无,无,无,2013-05-19 07:00,微博 weibo.com,5,3,16
zxhTDjAuj,当中国人把矛头指向女性不自重，不保护处女膜而导致社会风气败坏时，我老公却认为男人才是承担社会责任的一方，他们骨子里的骄傲不容许女人上阵! 中国人认为权力越大越骄傲，西方人认为责任越大越骄傲，所以按照西方观念，中国非处女才是令人骄傲的一方哦，承担着重大社会责任耶!  ,,无,无,无,2013-05-18 15:55,微博 weibo.com,9,3,37
zxcTVlrGJ,针对娃娃粉丝过激言辞，在此声明下我对喜当爹的全部看法: 1，我一向反对婚外情，支持婚内淫，我这观点若能让丈夫喜当爹，那你娶的是圣母玛丽亚，不用偷情，就能怀上其他人的娃; 2，我一向反对无性婚姻，因为，婚内吃不饱最容易导致婚外偷吃，丈夫冷落妻子，更容易喜当爹，这他妈为你好，被当成驴肝肺!  ,,无,无,无,2013-05-18 03:12,微博 weibo.com,11,4,22
zxcPgED7z,网友问: 请问你们家务活如何分配？是否西方洗碗机非常普及或者钟点工? 我觉得这个蛮麻烦，太单一枯燥。答: 全部家务由我们二人包干儿，无钟点工，洗碗机虽普及，但也需亲自放进拿出。正因家务活单一枯燥，夫妻才要打情骂俏找乐子嘛，要是家务活新鲜刺激，不就直接玩洗碗机了嘛，还玩什么性玩具呀。  ,,无,无,无,2013-05-18 03:00,微博 weibo.com,6,3,2
zxcEUgRiB,网友说: 博主，读了你若干微博，感觉你们家就是一大妓院，真丢人。答: 在德国，妓院也是合法生意，遵纪守法按时上税，不丢人的，呵呵。  ,,无,无,无,2013-05-18 02:35,微博 weibo.com,7,1,30
zx2V9lqJh,"如果孩子不在身旁，我和老公经常互相直呼对方""Penis""和""Vagina""，孩子在时就只好改称对方""Peni""和""Gina""，所以我们的昵称是令旁人莫名其妙跟各自名字毫不相干的""佩尼""和""吉娜""。  ",,无,无,无,2013-05-17 01:47,微博 weibo.com,4,0,13
zx2Sd26dW,婆婆给我打电话，问我要不要读一本叫JOY的杂志，她看到里面一些很新鲜的关于性的小知识，如果我想读她下次顺路带来，我说当然好啊，她很神秘说，先不要让你老公看见，不然就不能给他惊喜了。这老太太，活到老干到老啊。  ,,无,无,无,2013-05-17 01:40,微博 weibo.com,8,2,11
zwXSoyDaR,我认识以及听说的熟人的婚姻，在我这个岁数，婚内无性的比比皆是，我曾经委婉含蓄劝过好几个亲戚朋友，让她们动动脑筋找找原因，这样下去早晚出事。其中有一个还嘲笑我说，你们德国人就知道那个，我们中国人传统含蓄。结局，过了没两年，她发现老公外遇了，仨中国人打得狗血喷头，传统尽失，含蓄全无!  ,,无,无,无,2013-05-16 12:57,微博 weibo.com,11,16,26
zwVwFzym5,小里小气(无关金钱，只关人格)的男人最后总能得到假模假式的女人，嘀嘀咕咕的男人一定遇见算算计计的女人，因为这世界就是这么配着套来的! 你越是在乎女人不够纯洁，遇到的女人越跟你装纯，因为，像我这种真实坦荡的女人，一看你那德性，就没兴趣跟你玩了，肯跟你玩的，肚子里的蛔虫比你多!  ,,无,无,无,2013-05-16 06:58,微博 weibo.com,27,21,17
zwVsknt8p,"这几天网上很多人阴险担心我老公喜当爹，我转告给老公，他一听就嘲笑我，说""就你这种有屁就放的人，哪能藏得住那么大一秘密。那些男人才是傻子呢，一个女人若连天然性快乐都能隐藏起来，还有什么秘密她们不能隐藏? 这种女人闹出私生子，能做到滴水不露! 就你? 揣着这秘密，我没疯你先疯了不可!""  ",,无,无,无,2013-05-16 06:47,微博 weibo.com,14,19,4
zwT8mrTq6,很多网友问，如果我背叛婚姻我老公会怎样? 他会跟我离婚，他说，男人应该做女人的榜样，父母应该做孩子榜样，他不会背叛我，也希望我不会背叛他，他讨厌说慌的人。说实话，这样的老公，我爱都爱不够，看看其他男人谎话连天，鸡不够大也就算了，还不懂尊重女人，哪配跟我上床!  ,,无,无,无,2013-05-16 00:52,微博 weibo.com,12,17,19
zwT5cg4YS,绝望主妇第七季就讲过，父母抱错了孩子，估计所有中国人都大跌眼镜，为什么他们没把孩子换回来，当时我和老公也讨论过，他就完全能理解，对他们来讲，与孩子日夜相处的感情是比血缘更重的，就算一条狗，尚能日久生情，何况一个有血有肉有灵魂的孩子，怎能说断就断呢?  ,,无,无,无,2013-05-16 00:45,微博 weibo.com,11,4,9
zwOLn6IRu,"昨天因网络略有怒气，老公安慰我说，""不要sauer(生气，德语中""生气""和""酸""是同一个字)，不然你的Nektar(花蜜)就变酸了。"" 一下把我逗笑了，说""怪不得你脾气总是那么好，原来是不想让我吃到你的酸奶啊。"" 我们俩说得热血沸腾，可惜孩子在旁边玩得正欢，浑然不觉她们爸妈在聊什么。  ",,无,无,无,2013-05-15 13:45,微博 weibo.com,3,1,15
zwFkziOX3,"一个男人既不是说了""我爱你""，就代表他爱你; 也不是""睡了你""，就代表他爱你; 更不是""娶了你""，就代表他爱你! 一个男人到底爱不爱你，只有实践出真知，需要不断跟异性接触才能提高的认知能力，要想了解狼，就必须下狼窝! 睡错了没什么大不了，嫁错了才让你掉层皮!  ",,无,无,无,2013-05-14 13:44,微博 weibo.com,24,16,15
zwFfIdQUP,"一个一天到晚嘀咕""亲子确定""的男人，一定是个鸡小胸窄的角色，跟这种男人我连一夜情都懒得搞，@ayawawa 同志居然劝姑娘们嫁给他们为妻，姑娘们，我眼含热泪奉劝你们千万别嫁啊，咱需要的是肯一辈子跟你滚床单的男人，否则，就让那帮""亲子确定""的男人滚蛋好了，你又不缺挣账单的左手和...的右手!  ",,无,无,无,2013-05-14 13:32,微博 weibo.com,21,91,115
zwF8Nrm5A,即使是戴安娜，查尔斯有能力让她万众瞩目做了公主，却唯独不肯跟她滚床单，都让她痛不欲生，何况那些非王室非贵族非豪门的普通人能给予的生活，完全不能替代婚后美好性生活的快乐! 如果一个男人在婚前就暴露出娶你回家不过是分帐单，不肯滚床单的目的，奉劝姑娘们趁早别嫁!  ,,无,无,无,2013-05-14 13:15,微博 weibo.com,6,5,9
zwF8614rD,严格来讲，婚姻生活由两部分组成，一部分分帐单，一部分滚床单，也就是一部分分摊责任，一部分分享快乐。一个男人娶你，要么他在床下有能力让你像公主，要么他在床上有体力让你像女王。床下活得像女佣，床上活得像女尼，智障都不嫁，睡完就闪人，你为什么要嫁? 就因为爱情吗!!!!  ,,无,无,无,2013-05-14 13:13,微博 weibo.com,15,31,9
zwrNQDmjR,"早晨一醒来，我迷迷糊糊碰到老公正在晨练的Penis说，""我是你Penis的头号Fan。"" 他迷迷糊糊说""是不是那种Groupie(疯狂粉丝)，一见面就尖叫的那种?""  ",,无,无,无,2013-05-13 03:18,微博 weibo.com,3,1,6
zwrMNAP7S,"看""DSDS""(德国一个最有名的选秀节目)，一个男选手唱完歌后赞美为他伴奏的钢琴师(Pianist)，因说得太快，发音听起来就像Penis，评委开玩笑问他""你要感谢你伟大的Penis吗?""  ",,无,无,无,2013-05-13 03:15,微博 weibo.com,1,0,0
zwgRlcsLv,张艺谋以拍纯情片，寻找纯情面孔，制造纯情女性为强项，他以现实中的生育大户证明，两眼忽闪忽闪无知的女性最后只是男性霸权的点衬陪葬而已，为什么越是他这种满脸褶子的男人越喜欢以文艺手段歌颂女性纯情? 那是因为，好被他们这种老眉巴嚓的油条以爱情的名义欺名盗世操了白操罢了!  ,,无,无,无,2013-05-11 23:26,微博 weibo.com,18,8,29
zwgFelxDm,"如果孩子问，天为什么是蓝色的? 父母很少顾左右而言它回答说""天上白云飘呀飘""，对吧? 但当女孩问，男孩为什么站着小便时，很多父母却喜欢匆忙打岔，不肯直接回答，孩子本是对世界观察的一种直觉反应，并未有任何不好倾向，父母却通过言辞闪烁给孩子一种错觉，久而久之TA将再也不问你，改为瞎琢磨了!  ",,无,无,无,2013-05-11 22:56,微博 weibo.com,4,5,3
zwgEPwZuA,网友问: 请问德国父亲如何和女儿沟通性问题? 答: 我不可能知道所有德国父亲的反应，但通过读德国儿童教育书籍知道德国父母向孩子传授性知识的一大指导原则是: 孩子问到哪，你就教到哪，不要打压，也不必提前灌输。关键目的是跟孩子从小培养相互信任的关系，这样，当TA未来遇到困惑时才敢向你敞开心扉。  ,,无,无,无,2013-05-11 22:55,微博 weibo.com,12,9,2
zweJskoqD,很多父亲，人到中年，搞外遇玩偷情，利用世俗社会歧视中年妇女的优势，把自己老婆欺骗欺负得团团转，夫妻关系乖张，却仍然对正在成长的女儿进行老一套所谓纯洁实则无知以便利于男性欺诈的教育方式，好像孩子不是他亲生的，不让女儿活成她妈那样葬送在她爸那样的渣男手里就不罢休似的!  ,,无,无,无,2013-05-11 18:01,微博 weibo.com,17,42,21
zweCLcj96,很多母亲，人到中年，看不住老公，抓不牢幸福，夫妻关系淡漠，却仍然对正在成长的女儿进行遮掩捂盖的教育方式，好像孩子不是她亲生的，不让女儿活成她那样就不罢休似的! 一把岁数的人了，也应总结经验传授心得了，明明你那套在婚恋场上失败得一塌糊涂，还有脸继续用老一套戕害孩子啊?  ,,无,无,无,2013-05-11 17:45,微博 weibo.com,8,8,8
zwex72q4H,科学知识并不是一味正确的，但教会孩子尊重科学知识的一大好处是，懂科学的人思想更趋进开放，容易兼收并蓄，更容易纠正错误，而蒙昧偏见的人却喜欢一条道走到黑。比如很多婚姻状况一塌糊涂的中老年人，明明自己青少年时因性知识匮乏导致婚恋不幸，却死不悔改一如既往继续蒙昧下一代，传递不幸接力棒。  ,,无,无,无,2013-05-11 17:31,微博 weibo.com,11,6,2
zwetc8JH6,孩子对两性之间的疑问并不像成年人想象的那样是有了什么坏思想才产生的，而只是对世界万物天真无邪的好奇心，对孩子来讲，了解男孩(女孩)是怎么小便的就像了解雪花是怎么形成的一样纯洁，关键是你的态度，你暧昧不清甚至恶意嘲笑TA，第一泯灭掉TA的好奇心，第二泯灭掉TA对你的信任，造成未来更大隐患。  ,,无,无,无,2013-05-11 17:21,微博 weibo.com,7,6,0
zweqHyY8e,"网友问: 怎么引导孩子性知识呢？答: 就像其它教育一样，不要拔苗助长，不要一味灌输，也不要漠不关心，只要孩子提问，不管是问""天为什么是蓝的""，还是问""男孩子为什么站着小便""，作为家长都要清晰明确饶有趣味回答TA，甚至一起查书，根据孩子相应理解力解说，让TA从小对知识保持好奇心，并充分信任你。  ",,无,无,无,2013-05-11 17:15,微博 weibo.com,6,6,0
zwdGq5gM7,我不反对同性恋的性爱，不反对残疾人的性爱，但极力反对智障人士的性爱，不管是发生在智障人之间的，还是发生在正常人与智障人之间的，因为，性爱，是一种智力游戏，前提是发生在两个智力平等智商相当的个体间的，任何高低区别都是对弱智人士以爱为名义的一种利用! (很多傻姑娘都是被这么利用的)  ,,无,无,无,2013-05-11 15:21,微博 weibo.com,8,5,7
zw8bhBX2d,"前几天大女儿问道""世界上那么多人，将来到底跟谁结婚好呢?"" 我说""你看谁顺眼，他看你也顺眼，你们就可以结婚了。"" 她问""那结完婚要是又看不顺眼怎么办呢?"" 我说""所以结完婚后两个人要互相逗对方开心，像爸爸妈妈这样，就会越看对方越顺眼。""  ",,无,无,无,2013-05-11 01:21,微博 weibo.com,8,6,4
zw85G7oSk,"今天大女儿从小朋友那听到一个词，天真无邪问我们""什么是Sex?"" 我俩早已通过气，孩子性疑问一概由老公负责，他比我懂得多会解释，于是我听他说""Sex就是两个相爱的人身体一种亲密接触。"" 孩子问""你们做Sex吗?"" 老公眼神清澈神情清爽答道""经常做啊。"" 她想了想，觉得这问题真小儿科，就去玩洋娃娃了。  ",,无,无,无,2013-05-11 01:07,微博 weibo.com,9,14,4
zw3Biq86o,"女网友写道: ""找个人品好，脾气好，外表好。既会挣钱，床上功夫又好的男人不容易!""----我感觉，具备前三样的男人很容易找到，会挣钱问题也不大，但床上功夫好的男人凤毛麟角，会调情的男人是九曲星下凡，会一辈子跟你调情的男人算得上天王星撞上冥王星的几率，我不信我会遇到第二次!  ",,无,无,无,2013-05-10 13:41,微博 weibo.com,7,8,11
zvWFWqYTF,网友说: 我看你还有三年就会疯掉，找点正事干吧。答: 生儿育女供房供车攻读学位割草养花读书养性按时上税....相比大部分中国熟人，除了没搞外遇，我们夫妻这十年干的正事估计比其他夫妻要多要好。  ,,无,无,无,2013-05-09 20:03,微博 weibo.com,6,1,12
zvVh6hVht,"男网友写道: ""我婚前用十年时间接触女人, 得出的结论是: 床戏多，会调情，懂撒娇，叫声棒，通口交，臀很大，腰很软，会疼你的女人太少了，多数只能达标一两个而已，你睡得越多越绝望。""----在这里转发下，顺路解释下，为什么有的女人虽不漂亮却很受成熟男人欢迎的根本性原因! 靠脸蛋是拿不住男人的!  ",,无,无,无,2013-05-09 16:29,微博 weibo.com,9,10,12
zvVbOhVwp,网友问: 如果你不爱你老公，会离开还是因不想给孩子带来伤害而维持婚姻？ 答: 我以前一再表达夫妻如果不相爱，婚姻会很痛苦，带给孩子的负面影响更大，不如俩人理智分手，只要后续措施得当，不会带给孩子太多伤害。父母给予孩子最大的爱是爱彼此，认真对待性爱是义务，这是保持爱情的高效手段。  ,,无,无,无,2013-05-09 16:16,微博 weibo.com,6,4,2
zvPHobPBB,网友问:你会为了爱情离开孩子吗? 答: 我不会为了爱情牺牲属于我的任何东西，包括尊严，自由和性爱，可以这样说，书上描写的那种卑微到尘埃的爱情我从未理解过，也未碰到过! 要我离开孩子才能得到的爱情，那种男人，我怎么会爱上?  ,,无,无,无,2013-05-09 02:17,微博 weibo.com,13,16,15
zvPzXdOMF,"网友说我年轻时在国内情场一定""苦大仇深""，冤啊，我当年睡过的男人搁现在也超过平均水平，并且以我一向消极怠工的态度，从未主动追过任何男人，25岁跟小我一岁，身高1米84，父母皆为医生，家教良好的帅哥定下终身，从哪个角度讲，也算不上失败，更谈不上苦大仇深，除了性爱质量不高，青春没啥缺憾。  ",,无,无,无,2013-05-09 01:59,微博 weibo.com,4,3,14
zvOsZa8fr,其实在国内时我就经常打破常规超前享受，和情人半夜跑到天津海河边，夜黑人静脱光衣服跳进海河裸泳过，那种美妙感觉令人难忘。因此，一来德国听说有裸体沙滩，我比谁都兴奋，没裸泳过的同志们，请一定尝试一把，感觉真的跟穿上衣服不一样哦!  ,,无,无,无,2013-05-08 23:09,微博 weibo.com,3,1,10
zvOqKxXUn,读报纸，据调查，33%德国人在汽车上搞过，19%在森林或沙滩，17%在公共桑拿房(德国桑拿都是裸体，不分男女)，10%在公共交通工具上(德国公共交通工具经常空无一人，环境优雅，座椅宽敞，明摆着让大家尽情环保，不要开私家车玩嘛)。我还真没在桑拿房里搞过，感觉太热，影响心情，除此之外，四处搞过!  ,,无,无,无,2013-05-08 23:04,微博 weibo.com,5,1,8
zvKtyEhas,网友说: 博主嘴不把门个性豪放估计对中国男人缺少神秘感，所以不受欢迎。答: 装逼又不是高潮，需要不停探索才能达到。可以说，每个女人生来就会装逼，但不是每个女人生来都能高潮。其实我在国内非常含蓄，尤其在床上，非常会装逼。因为，在一个大多数男人不懂女性高潮的地方，除了含蓄，你别无选择!  ,,无,无,无,2013-05-08 13:00,微博 weibo.com,7,4,38
zvB7GrvTB,网友的评论: 我有几个朋友因为不忠被老婆休掉，结果呢，混了好几年仍然无法重新结婚。因为他们又要美色又要人品，觉得跟他们勾三搭四的女人都不配和前妻相提并论，所以一直单身，他们怀念前妻。这说明男人的双重标准，能谈情说爱的，未必能适合娶回家。  ,,无,无,无,2013-05-07 13:11,微博 weibo.com,5,14,1
zvvTx9yE9,"昨天网上报名参加六月份本市马拉松，开始进入备战状态，我的理想，明年能去参加柏林马拉松，老公说""你三十岁开始学德语，三十八岁开始学钢管舞，四十岁开始跑马拉松，我真怕你五十岁开始换老公。""  ",,无,无,无,2013-05-06 23:52,微博 weibo.com,12,18,21
zvvK4jrFl,同学跟我说，大学同学聚会，她看到相片后感觉一片萧杀，全都成胖子了，方才感觉到衰老，其实像我们这年龄，趟过什么河爬过什么山，下过什么套钻过什么瓮，爱过几个人结过几次婚....混成什么样都已不重要，重要的是，脸还没变圆，皮还没变松，肉还没变厚，总而言之，女人还有腰，男人没肚子，就算你牛B!  ,,无,无,无,2013-05-06 23:29,微博 weibo.com,11,12,10
zvrxjC1Yh,"我老公说，他最爱我这种迷迷糊糊马大哈的样子，什么都不当回事儿，跟总统的合影被我扔在角落里，都不拿出来炫耀下，我说""这有什么可炫耀的，说不定将来是你们总统炫耀他跟我合过影呢，哼!"" 老公说，""所以，我太爱你了。""  ",,无,无,无,2013-05-06 12:47,微博 weibo.com,13,2,8
zvrvp9d7l,"好朋友 @Maggie-Baby 认识一人跟她吹牛，他认识一人，那人跟马英九合过影，嘲笑好朋友不够成功，社交圈档次不高，把好朋友气坏了。我当笑话讲给老公听，老公冷嘲热讽说""哼，我老婆当年还跟德国总统合过影呢!"" 啊? 我居然把这么重大的事情给忘了哦，Maggie, 也可以吹牛了，最好朋友跟德国总统合过影哩!  ",,无,无,无,2013-05-06 12:42,微博 weibo.com,2,0,5
zvhwO47we,我和老公婚姻之所以十年如一日甜蜜幸福，正是因为他从不和我讲理，只跟我调情(他的意思是，我深谙东西两国文化，道理比他懂得多，不必再跟我讲理); 我从不改变他，只完善自己(我的意思是，我嫁的不是半成品，不必敲敲打打重新组装，所以我不穷逼他学中文，改逼自己苦学德语，他痛快，我也没吃亏)。  ,,无,无,无,2013-05-05 11:18,微博 weibo.com,10,11,7
zvhlg40rM,最愚蠢的男人喜欢跟女人讲理，最愚蠢的女人喜欢改变男人----窃以为这两点总结了所有夫妻不和婚姻不幸之根源。  ,,无,无,无,2013-05-05 10:49,微博 weibo.com,32,152,23
zvgXpqlYh,"德国的天气很讨厌，时而下雨时而晴，晾晒在外的衣架时而搬进时而搬出，老公下课回家一进门我一边往外搬衣架一边抱怨""今天我光进进出出折腾衣服了。"" 他加重语气说""我今天也忙着进进出出了。"" 我说""我进进出出是在干活，为了让衣服快干!"" 他说""我进进出出也是在干活，为了让你快湿呀。""  ",,无,无,无,2013-05-05 09:51,微博 weibo.com,4,1,5
zvgL2BDoi,昨天不到9点我就因一杯红酒睁不开眼，倒在沙发上读小说睡着了，直到12点多被老公叫醒上床大战，接着倒头便睡，睡了两个多小时不知怎么突然醒来就睡不着了，看着老公沉睡的面孔，突然柔情满怀，唉，得夫若此，妇复何求? 如果不是遇到他，我这种人会不会一直漂泊在情海，无法守身如玉安心定意呢?  ,,无,无,无,2013-05-05 09:20,微博 weibo.com,5,2,10
zvgGXox5E,周六老公要上课，昨天一大早本打算小小缠绵下就起床，结果惹火上身，时间紧迫只得匆忙为他口，他很过意不去，说晚上补偿我。下午回到家吃蛋糕喝咖啡，割草收拾车库陪孩子玩，晚饭后送孩子上床整理课业看拳击，一直忙到半夜还要伺候我连冲云霄，完事儿我跟他说，他真是度过了一天有意义的中国青年节啊。  ,,无,无,无,2013-05-05 09:10,微博 weibo.com,4,0,5
zvbw4uhdi,"网友问题五花八门，涉及男女各个角落，我人单影只，回答起来力有不逮，突然感觉可以把各个网友意见和评论匿名转发，权当个体反馈，兴许能帮到某些迷糊或不解之人，比如女网友悲愤评论""可气有的男人仪表堂堂连舌吻都不会，连想睡他的欲望都被他低劣的表现浇熄了""就很可贵，提醒男士们，千万学会舌吻哦!  ",,无,无,无,2013-05-04 20:00,微博 weibo.com,4,2,5
zvauZ5vDv,网友问如何看女追男? 答: 在情场上，我是个极端消极怠工的人，从未主动追过任何人，我懒得追人，不是我耍大牌够大腕，而是我太喜新厌旧，主动追到手，将来甩起来麻烦。一想到要跟谁过一辈子，就有种噩梦缠身的恐惧。生怕错过更好玩的人---这是隐藏在我内心最大的恐惧，万不敢承担主动追的后果。  ,,无,无,无,2013-05-04 17:24,微博 weibo.com,6,7,23
zv94yv3ZJ,女网友问: 男人会因女人睡了不想嫁受伤害啊？原以为男人最怕遇到睡了就想嫁的女人呢。答: 男人确实会怕刚一睡就想嫁的女人，但潜意识也因证明了自己的性能力而沾沾自喜，女人并不会因此伤害到他。能伤害男人的恰恰是女人睡过之后漫不经心的态度，无形中让他怀疑自己的性能力，这才是对男人的致命伤害。  ,,无,无,无,2013-05-04 13:46,微博 weibo.com,2,7,6
